parent_name,sub_total,face_total,num_recs,rank,earliest_year,most_data_since_year,parent_group,ownership,curr_ticker,curr_cik,curr_ISIN,hq_country,hq_state,industry,major_industry,rapsheet_url,fcmd_url,vt_url,st_url
1-800-Flowers.com,2272172,0,9,1760,1996,2008,NYSE other,publicly traded,FLWS,1084869,US68243Q1067,USA,New York,retail-internet flowers,retailing,,,https://violationtracker.goodjobsfirst.org/parent/1-800-flowerscom,https://subsidytracker.goodjobsfirst.org/parent/1-800-flowerscom
1st Financial Bank USA,2000,0,1,2611,2015,2015,none,privately held,,,,USA,South Dakota,banking,financial services,,,https://violationtracker.goodjobsfirst.org/parent/1st-financial-bank-usa,https://subsidytracker.goodjobsfirst.org/parent/1st-financial-bank-usa
1st Source Corporation,0,114824457,2,2616,NULL,NULL,NYSE other,publicly traded,SRCE,34782,US3369011032,USA,Indiana,banking,financial services,,,,https://subsidytracker.goodjobsfirst.org/parent/1st-source-corporation
20/20 GeneSystems,5077999,50000,14,1436,1996,2015,none,privately held,,,,USA,Maryland,genetic diagnostics,healthcare services,,,,https://subsidytracker.goodjobsfirst.org/parent/2020-genesystems
23andMe,6335338,0,9,1327,2020,2020,none,privately held,,,,USA,California,genetic testing,healthcare services,,,,https://subsidytracker.goodjobsfirst.org/parent/23andme
Bruker,1347500,0,1,1943,2013,2013,NYSE other,publicly traded,BRKR,1109354,US1167941087,USA,Massachusetts,scientific equipment,miscellaneous manufacturing,,,https://violationtracker.goodjobsfirst.org/parent/bruker,https://subsidytracker.goodjobsfirst.org/parent/bruker
Brunswick Corp.,159724148,14360965,54,291,1999,2011,NYSE other,publicly traded,BC,14930,US1170431092,USA,Illinois,diversified,diversified,,,https://violationtracker.goodjobsfirst.org/parent/brunswick-corp,https://subsidytracker.goodjobsfirst.org/parent/brunswick-corp
BSN Capital,0,42794000000,57,2616,NULL,NULL,none,privately held,,,,United Kingdom,,investment management,financial services,,,,https://subsidytracker.goodjobsfirst.org/parent/bsn-capital
BT,2568302,0,2,1708,2000,2000,FTSE 100,publicly traded,LSE: BT.A,,GB0030913577,United Kingdom,,telecommunications,telecommunications,,,https://violationtracker.goodjobsfirst.org/parent/bt,https://subsidytracker.goodjobsfirst.org/parent/bt
Build-A-Bear Workshop Inc.,23987,0,2,2540,2006,2006,NYSE other,publicly traded,BBW,1113809,US1200761047,USA,Missouri,toys,retailing,,,https://violationtracker.goodjobsfirst.org/parent/build-a-bear-workshop-inc,https://subsidytracker.goodjobsfirst.org/parent/build-a-bear-workshop-inc
Builders FirstSource,7742140,0,52,1250,1997,2016,Fortune 101-500,publicly traded,BLDR,1316835,US12008R1077,USA,Texas,wholesalers-building materials,wholesalers,,,https://violationtracker.goodjobsfirst.org/parent/builders-firstsource,https://subsidytracker.goodjobsfirst.org/parent/builders-firstsource
Bunge,79899989,3696192557,857,459,2006,2012,NYSE other,publicly traded,BG,1144519,BMG169621056,Bermuda,,agribusiness,agribusiness,,,https://violationtracker.goodjobsfirst.org/parent/bunge,https://subsidytracker.goodjobsfirst.org/parent/bunge
Burberry,639504,0,4,2123,2010,2010,none,publicly traded,,,GB0031743007,United Kingdom,,apparel,apparel,,,https://violationtracker.goodjobsfirst.org/parent/burberry,https://subsidytracker.goodjobsfirst.org/parent/burberry
Burlington Stores,41931657,0,22,656,2000,2010,Fortune 101-500,publicly traded,BURL,1579298,US1220171060,USA,New Jersey,retail-apparel,retailing,,,https://violationtracker.goodjobsfirst.org/parent/burlington-stores,https://subsidytracker.goodjobsfirst.org/parent/burlington-stores
Burns & McDonnell,114827980,121500000,19,355,2005,2014,none,employee-owned,,,,USA,Missouri,construction & engineering,construction and engineering,,,https://violationtracker.goodjobsfirst.org/parent/burns-and-mcdonnell,https://subsidytracker.goodjobsfirst.org/parent/burns-and-mcdonnell
Bushmills Ethanol,0,0,1,2616,2004,2004,none,cooperative,,,,USA,Minnesota,ethanol,miscellaneous energy products and systems,,,https://violationtracker.goodjobsfirst.org/parent/bushmills-ethanol,https://subsidytracker.goodjobsfirst.org/parent/bushmills-ethanol
Butterball LLC,488151,0,5,2182,2014,2015,none,joint venture (owned 50-50 by Seaboard and Maxwell Farms),,,,USA,North Carolina,poultry processing,food products,,,https://violationtracker.goodjobsfirst.org/parent/butterball-llc,https://subsidytracker.goodjobsfirst.org/parent/butterball-llc
Buzzi Unicem,42625127,0,17,646,2000,2014,Uniworld 501-1000,publicly traded,,,IT0001347308,Italy,,building materials,building materials,,,https://violationtracker.goodjobsfirst.org/parent/buzzi-unicem,https://subsidytracker.goodjobsfirst.org/parent/buzzi-unicem
KiOR,751733,77000000,7,2087,2010,2011,none,privately held,,,,USA,Texas,biofuels,miscellaneous energy products and systems,,,,https://subsidytracker.goodjobsfirst.org/parent/kior
Kirby Corp.,1654616,2750000,16,1874,2012,2019,NYSE other,publicly traded,KEX,56047,US4972661064,USA,Texas,barge services,miscellaneous services,,,https://violationtracker.goodjobsfirst.org/parent/kirby-corp,https://subsidytracker.goodjobsfirst.org/parent/kirby-corp
Kirkland's Inc.,0,0,8,2616,2011,2012,none,publicly traded,KIRK,1056285,US4974981056,USA,Tennessee,housewares,housewares and home furnishings,,,https://violationtracker.goodjobsfirst.org/parent/kirklands-inc,https://subsidytracker.goodjobsfirst.org/parent/kirklands-inc
Kiryas Joel Poultry Processing Plant,17461,7000000,5,2552,2004,2005,none,privately held,,,,USA,New York,poultry processing,food products,,,https://violationtracker.goodjobsfirst.org/parent/kiryas-joel-poultry-processing-plant,https://subsidytracker.goodjobsfirst.org/parent/kiryas-joel-poultry-processing-plant
KKR & Co.,42772900,19312000,223,644,1998,2013,Fortune 101-500,publicly traded,KKR,1404912,US48251W1045,USA,New York,private equity (including portfolio companies),private equity (including portfolio companies),,,https://violationtracker.goodjobsfirst.org/parent/kkr-and-co,https://subsidytracker.goodjobsfirst.org/parent/kkr-and-co
KLA Corp.,53851373,0,25,568,2004,2009,Fortune 101-500,publicly traded,KLAC,319201,US4824801009,USA,California,electronic equipment,electrical and electronic equipment,,,,https://subsidytracker.goodjobsfirst.org/parent/kla-corp
Klockner,4678115,0,10,1466,2006,2016,Uniworld 101-500,publicly traded,,,DE000KC01000,Germany,,wholesalers-chemicals,wholesalers,,,https://violationtracker.goodjobsfirst.org/parent/klockner,https://subsidytracker.goodjobsfirst.org/parent/klockner
Klockner Pentaplast,218195,3240000,4,2318,2008,2008,none,privately held,,,,Germany,,plastic films,miscellaneous manufacturing,,,https://violationtracker.goodjobsfirst.org/parent/klockner-pentaplast,https://subsidytracker.goodjobsfirst.org/parent/klockner-pentaplast
KMX Chemical,40000,0,1,2510,2016,2016,none,privately held,,,,USA,Virginia,chemicals,chemicals,,,https://violationtracker.goodjobsfirst.org/parent/kmx-chemical,https://subsidytracker.goodjobsfirst.org/parent/kmx-chemical
Knauf,19653049,0,60,913,1995,2015,none,privately held,,,,Germany,,insulation,building materials,,,https://violationtracker.goodjobsfirst.org/parent/knauf,https://subsidytracker.goodjobsfirst.org/parent/knauf
Knight-Swift Transportation,6229766,0,21,1331,2003,2008,NYSE other,publicly traded,KNX,1492691,US4990491049,USA,Arizona,trucking,freight and logistics,,,https://violationtracker.goodjobsfirst.org/parent/knight-swift-transportation,https://subsidytracker.goodjobsfirst.org/parent/knight-swift-transportation
Knorr-Bremse,7405634,700000,41,1271,2000,2011,Uniworld 501-1000,privately held,,,,Germany,,automotive parts,automotive parts,,,https://violationtracker.goodjobsfirst.org/parent/knorr-bremse,https://subsidytracker.goodjobsfirst.org/parent/knorr-bremse
Knowles Corporation,4626113,0,10,1470,2003,2005,NYSE other,publicly traded,KN,1587523,US49926D1090,USA,Illinois,audio technology,miscellaneous manufacturing,,,https://violationtracker.goodjobsfirst.org/parent/knowles-corporation,https://subsidytracker.goodjobsfirst.org/parent/knowles-corporation
Kobe Steel,12246970,0,15,1065,2005,2015,Uniworld 101-500,publicly traded,,,JP3289800009,Japan,,steel,metals,,,https://violationtracker.goodjobsfirst.org/parent/kobe-steel,https://subsidytracker.goodjobsfirst.org/parent/kobe-steel
Koch Foods,1210022,0,5,1980,2009,2011,Forbes 101-225,privately held,,,,USA,Illinois,food products,food products,,,https://violationtracker.goodjobsfirst.org/parent/koch-foods,https://subsidytracker.goodjobsfirst.org/parent/koch-foods
Koch Industries,658997355,6282000,472,97,1990,2013,Forbes 1-50,privately held,,,,USA,Kansas,diversified,diversified,http://www.corp-research.org/koch_industries,,https://violationtracker.goodjobsfirst.org/parent/koch-industries,https://subsidytracker.goodjobsfirst.org/parent/koch-industries
Kohl's,129615501,0,86,338,1993,2011,Fortune 101-500,publicly traded,KSS,885639,US5002551043,USA,Wisconsin,retail-department stores,retailing,,,https://violationtracker.goodjobsfirst.org/parent/kohls,https://subsidytracker.goodjobsfirst.org/parent/kohls
Kohler,16801231,0,24,956,2008,2011,Forbes 51-100,privately held,,,,USA,Wisconsin,building materials,building materials,,,https://violationtracker.goodjobsfirst.org/parent/kohler,https://subsidytracker.goodjobsfirst.org/parent/kohler
Komatsu,67380678,760867201,46,501,2002,2015,Uniworld 101-500,publicly traded,,,JP3304200003,Japan,,construction equipment,heavy equipment,,,https://violationtracker.goodjobsfirst.org/parent/komatsu,https://subsidytracker.goodjobsfirst.org/parent/komatsu
Kone,156000,0,9,2360,2007,2009,none,publicly traded,,,FI0009013403,Finland,,construction & engineering,construction and engineering,,,https://violationtracker.goodjobsfirst.org/parent/kone,https://subsidytracker.goodjobsfirst.org/parent/kone
Konica Minolta,1210149,0,2,1978,2004,2004,Uniworld 101-500,publicly traded,,,JP3300600008,Japan,,imaging products,electrical and electronic equipment,,,https://violationtracker.goodjobsfirst.org/parent/konica-minolta,https://subsidytracker.goodjobsfirst.org/parent/konica-minolta
Kopin Corp.,199585,0,2,2330,NULL,NULL,NYSE other,publicly traded,KOPN,771266,US5006001011,USA,Massachusetts,wearable technologies,electrical and electronic equipment,,,https://violationtracker.goodjobsfirst.org/parent/kopin-corp,https://subsidytracker.goodjobsfirst.org/parent/kopin-corp
Koppers,327967,0,6,2251,2011,2015,NYSE other,publicly traded,KOP,1315257,US50060P1066,USA,Pennsylvania,chemicals,chemicals,,,https://violationtracker.goodjobsfirst.org/parent/koppers,https://subsidytracker.goodjobsfirst.org/parent/koppers
KPC Healthcare,1223956,0,7,1976,2011,2013,none,privately held,,,,USA,California,hospitals,healthcare services,,,https://violationtracker.goodjobsfirst.org/parent/kpc-healthcare,https://subsidytracker.goodjobsfirst.org/parent/kpc-healthcare
KPMG,16707779,0,29,957,1997,2016,Uniworld 101-500,privately held,,,,Netherlands,,accounting services,business services,,,https://violationtracker.goodjobsfirst.org/parent/kpmg,https://subsidytracker.goodjobsfirst.org/parent/kpmg
KPS Capital Partners,161436558,55955921,161,289,1992,2011,none,privately held,,,,USA,New York,private equity (including portfolio companies),private equity (including portfolio companies),,,https://violationtracker.goodjobsfirst.org/parent/kps-capital-partners,https://subsidytracker.goodjobsfirst.org/parent/kps-capital-partners
Kraft Group,0,0,1,2616,2008,2008,Forbes 51-100,privately held,,,,USA,Massachusetts,diversified,diversified,,,,https://subsidytracker.goodjobsfirst.org/parent/kraft-group
Kraft Heinz,63523617,1962000,273,511,1993,2012,Fortune 101-500,publicly traded,KHC,1637459,US5007541064,USA,Illinois,food products,food products,,,https://violationtracker.goodjobsfirst.org/parent/kraft-heinz,https://subsidytracker.goodjobsfirst.org/parent/kraft-heinz
Kratos Defense & Security Solutions,815335,0,28,2070,2011,2019,NYSE other,publicly traded,KTOS,1069258,US50077B2079,USA,California,aerospace & military contracting,aerospace and military contracting,,,https://violationtracker.goodjobsfirst.org/parent/kratos-defense-and-security-solutions,https://subsidytracker.goodjobsfirst.org/parent/kratos-defense-and-security-solutions
Krispy Kreme Inc.,683471,0,15,2113,2003,2016,none,publicly traded,DNUT,1857154,US50101L1061,USA,North Carolina,doughnut shops,retailing,,,https://violationtracker.goodjobsfirst.org/parent/krispy-kreme-inc,https://subsidytracker.goodjobsfirst.org/parent/krispy-kreme-inc
Kroger,60733556,226780000,597,527,1999,2015,Fortune 1-100,publicly traded,KR,56873,US5010441013,USA,Ohio,retail-supermarkets,retailing,,,https://violationtracker.goodjobsfirst.org/parent/kroger,https://subsidytracker.goodjobsfirst.org/parent/kroger
Kronospan,236000,0,4,2308,2009,2009,big deals,privately held,,,,Germany,,flooring products,building materials,,,https://violationtracker.goodjobsfirst.org/parent/kronospan,https://subsidytracker.goodjobsfirst.org/parent/kronospan
Kubota,6516109,35290164,38,1313,2006,2019,Uniworld 101-500,publicly traded,,,JP3266400005,Japan,,heavy equipment,heavy equipment,,,https://violationtracker.goodjobsfirst.org/parent/kubota,https://subsidytracker.goodjobsfirst.org/parent/kubota
Kuehne & Nagel,500000,0,3,2176,2010,2010,Uniworld 101-500,publicly traded,,,CH0025238863,Switzerland,,logistics,freight and logistics,,,https://violationtracker.goodjobsfirst.org/parent/kuehne-and-nagel,https://subsidytracker.goodjobsfirst.org/parent/kuehne-and-nagel
Kuehne Chemical,156430,0,4,2359,2010,2010,none,privately held,,,,USA,New Jersey,chemicals,chemicals,,,https://violationtracker.goodjobsfirst.org/parent/kuehne-chemical,https://subsidytracker.goodjobsfirst.org/parent/kuehne-chemical
KUKA AG,5835614,0,98,1358,1998,2013,none,publicly traded,,,DE0006204407,Germany,,industrial equipment,industrial equipment,,,,https://subsidytracker.goodjobsfirst.org/parent/kuka-ag
Kum & Go,3844299,0,157,1538,2008,2020,Forbes 101-225,privately held,,,,USA,Iowa,retail-convenience stores,retailing,,,https://violationtracker.goodjobsfirst.org/parent/kum-and-go,https://subsidytracker.goodjobsfirst.org/parent/kum-and-go
Kuraray,48383231,52000000,20,602,2000,2012,none,publicly traded,,,JP3269600007,Japan,,activated carbon,chemicals,,,https://violationtracker.goodjobsfirst.org/parent/kuraray,https://subsidytracker.goodjobsfirst.org/parent/kuraray
Kureha,2599002,0,12,1701,2008,2011,none,publicly traded,,,JP3271600003,Japan,,chemicals and plastics,chemicals,,,,https://subsidytracker.goodjobsfirst.org/parent/kureha
Kyocera,89675800,0,35,425,2004,2016,Uniworld 101-500,publicly traded,,,JP3249600002,Japan,,electronic equipment,electrical and electronic equipment,,,https://violationtracker.goodjobsfirst.org/parent/kyocera,https://subsidytracker.goodjobsfirst.org/parent/kyocera
L Catterton,10458,0,7,2580,2010,2012,PEI 1-50,privately held,,,,USA,Connecticut,private equity (including portfolio companies),private equity (including portfolio companies),,,https://violationtracker.goodjobsfirst.org/parent/l-catterton,https://subsidytracker.goodjobsfirst.org/parent/l-catterton
L'Oreal,29521796,0,38,769,2002,2010,Global 101-500,publicly traded,,,FR0000120321,France,,cosmetics,household and personal care products,,,https://violationtracker.goodjobsfirst.org/parent/loreal,https://subsidytracker.goodjobsfirst.org/parent/loreal
L.B. Foster Co.,262120,12511779,9,2291,2000,2007,NYSE other,publicly traded,FSTR,352825,US3500601097,USA,Pennsylvania,industrial equipment,miscellaneous manufacturing,,,https://violationtracker.goodjobsfirst.org/parent/lb-foster-co,https://subsidytracker.goodjobsfirst.org/parent/lb-foster-co
L.L. Bean,8698632,0,11,1203,2009,2014,none,privately held,,,,USA,Maine,retail-apparel,retailing,,,https://violationtracker.goodjobsfirst.org/parent/ll-bean,https://subsidytracker.goodjobsfirst.org/parent/ll-bean
L3Harris Technologies,148705190,51565742,359,302,1996,2010,Fortune 101-500,publicly traded,LHX,202058,US5024311095,USA,Florida,aerospace & military contracting,aerospace and military contracting,,,https://violationtracker.goodjobsfirst.org/parent/l3harris-technologies,https://subsidytracker.goodjobsfirst.org/parent/l3harris-technologies
La-Z-Boy,8140836,3423800,19,1238,1994,2010,NYSE other,publicly traded,LZB,57131,US5053361078,USA,Michigan,furniture,housewares and home furnishings,,,https://violationtracker.goodjobsfirst.org/parent/la-z-boy,https://subsidytracker.goodjobsfirst.org/parent/la-z-boy
Laboratory Corp. of America,39431813,673000,50,678,1996,2010,Fortune 101-500,publicly traded,LH,920148,US50540R4092,USA,North Carolina,healthcare services,healthcare services,,,https://violationtracker.goodjobsfirst.org/parent/laboratory-corp-of-america,https://subsidytracker.goodjobsfirst.org/parent/laboratory-corp-of-america
Lactalis,7953149,0,58,1245,2001,2009,Uniworld 101-500,privately held,,,,France,,dairy products,food products,,,https://violationtracker.goodjobsfirst.org/parent/lactalis,https://subsidytracker.goodjobsfirst.org/parent/lactalis
Lakeland Bancorp,0,59000000,1,2616,NULL,NULL,NYSE other,publicly traded,LBAI,846901,US5116371007,USA,New Jersey,banking,financial services,,,,https://subsidytracker.goodjobsfirst.org/parent/lakeland-bancorp
Lakeland Financial Corp.,0,56044000,1,2616,NULL,NULL,NYSE other,publicly traded,LKFN,721994,US5116561003,USA,Indiana,banking,financial services,,,,https://subsidytracker.goodjobsfirst.org/parent/lakeland-financial-corp
Lam Research,6444876,0,11,1318,2004,2011,Fortune 101-500,publicly traded,LRCX,707549,US5128071082,USA,California,semiconductor equipment,electrical and electronic equipment,,,https://violationtracker.goodjobsfirst.org/parent/lam-research,https://subsidytracker.goodjobsfirst.org/parent/lam-research
Lamar Advertising,824817,0,5,2067,1998,1998,NYSE other,publicly traded,LAMR,1090425,US5128161099,USA,Louisiana,outdoor advertising,miscellaneous services,,,https://violationtracker.goodjobsfirst.org/parent/lamar-advertising,https://subsidytracker.goodjobsfirst.org/parent/lamar-advertising
Lamb Weston Holdings,105410244,0,108,379,2004,2014,NYSE other,publicly traded,LW,1679273,US5132721045,USA,Idaho,food products,food products,,,https://violationtracker.goodjobsfirst.org/parent/lamb-weston-holdings,https://subsidytracker.goodjobsfirst.org/parent/lamb-weston-holdings
Lamberti,0,0,1,2616,2002,2002,none,privately held,,,,Italy,,chemicals,chemicals,,,https://violationtracker.goodjobsfirst.org/parent/lamberti,https://subsidytracker.goodjobsfirst.org/parent/lamberti
Lancaster Colony,23787118,0,17,833,1993,2013,NYSE other,publicly traded,LANC,57515,US5138471033,USA,Ohio,food products,food products,,,https://violationtracker.goodjobsfirst.org/parent/lancaster-colony,https://subsidytracker.goodjobsfirst.org/parent/lancaster-colony
Land O'Lakes,8384696,12332500,58,1220,2000,2011,Fortune 101-500,cooperative,,,,USA,Minnesota,food products,food products,,,https://violationtracker.goodjobsfirst.org/parent/land-olakes,https://subsidytracker.goodjobsfirst.org/parent/land-olakes
Landesbank Baden-Wurttemberg,0,22680000000,17,2616,NULL,NULL,none,privately held,,,,Germany,,banking,financial services,,,,https://subsidytracker.goodjobsfirst.org/parent/landesbank-baden-wurttemberg
Landesbank Hessen-Thuringen,0,4549200000,4,2616,NULL,NULL,Uniworld 501-1000,privately held,,,,Germany,,banking,financial services,,,,https://subsidytracker.goodjobsfirst.org/parent/landesbank-hessen-thuringen
Landry's,9595,0,3,2585,2002,2011,none,privately held,,,,USA,Texas,restaurants,restaurants and foodservice,,,https://violationtracker.goodjobsfirst.org/parent/landrys,https://subsidytracker.goodjobsfirst.org/parent/landrys
Landstar System,1147600,0,1,1995,1997,1997,NYSE other,publicly traded,LSTR,853816,US5150981018,USA,Florida,logistics,freight and logistics,,,,https://subsidytracker.goodjobsfirst.org/parent/landstar-system
Lannett Co.,5744181,5888000,10,1363,2000,2009,NYSE other,publicly traded,LCI,57725,US5160121019,USA,Pennsylvania,pharmaceuticals,pharmaceuticals,,,https://violationtracker.goodjobsfirst.org/parent/lannett-co,https://subsidytracker.goodjobsfirst.org/parent/lannett-co
Lantheus Holdings,33780942,0,43,722,NULL,NULL,Russell3000,publicly traded,LNTH,1521036,US5165441032,USA,Massachusetts,imaging diagnostics,medical equipment and supplies,,,,https://subsidytracker.goodjobsfirst.org/parent/lantheus-holdings
Lanxess,40675326,0,36,665,2000,2010,Uniworld 101-500,publicly traded,,,DE0005470405,Germany,,chemicals,chemicals,,,https://violationtracker.goodjobsfirst.org/parent/lanxess,https://subsidytracker.goodjobsfirst.org/parent/lanxess
Laredo Petroleum,4805620,0,30,1459,2009,2012,NYSE other,publicly traded,LPI,1528129,US5168062058,USA,Oklahoma,oil & gas,oil and gas,,,https://violationtracker.goodjobsfirst.org/parent/laredo-petroleum,https://subsidytracker.goodjobsfirst.org/parent/laredo-petroleum
Latham & Watkins,0,0,1,2616,2010,2010,Forbes 101-225,privately held,,,,USA,New York,law firm,miscellaneous services,,,,https://subsidytracker.goodjobsfirst.org/parent/latham-and-watkins
Lawrence Livermore National Security LLC,2494660,0,12,1723,2015,2015,none,"joint venture (owned by Bechtel, University of California, Babcock and Wilcox, URS, and Battelle)",,,,USA,California,outsourced government services,miscellaneous services,,http://www.contractormisconduct.org/contractors/176/lawrence-livermore-nat-l-security,https://violationtracker.goodjobsfirst.org/parent/lawrence-livermore-national-security-llc,https://subsidytracker.goodjobsfirst.org/parent/lawrence-livermore-national-security-llc
LCI Industries,32555074,0,32,729,2008,2014,NYSE other,publicly traded,LCII,763744,US50189K1034,USA,Indiana,motor vehicle components,automotive parts,,,https://violationtracker.goodjobsfirst.org/parent/lci-industries,https://subsidytracker.goodjobsfirst.org/parent/lci-industries
Lear Corp.,21859151,0,74,874,1992,2003,Fortune 101-500,publicly traded,LEA,842162,US5218652049,USA,Michigan,automotive parts,automotive parts,,,https://violationtracker.goodjobsfirst.org/parent/lear-corp,https://subsidytracker.goodjobsfirst.org/parent/lear-corp
Lee Enterprises,566230,9035319,28,2146,1999,2013,NYSE other,publicly traded,LEE,58361,US5237684064,USA,Iowa,media,media,,,https://violationtracker.goodjobsfirst.org/parent/lee-enterprises,https://subsidytracker.goodjobsfirst.org/parent/lee-enterprises
Leggett & Platt,11594477,356174,76,1080,2000,2012,NYSE other,publicly traded,LEG,58492,US5246601075,USA,Missouri,diversified,diversified,,,https://violationtracker.goodjobsfirst.org/parent/leggett-and-platt,https://subsidytracker.goodjobsfirst.org/parent/leggett-and-platt
Leidos,86384657,20511523,157,434,2004,2013,Fortune 101-500,publicly traded,LDOS,1336920,US5253271028,USA,Virginia,information technology,information technology,,,https://violationtracker.goodjobsfirst.org/parent/leidos,https://subsidytracker.goodjobsfirst.org/parent/leidos
LeMaitre Vascular Inc.,115000,0,1,2401,2011,2011,NYSE other,publicly traded,LMAT,1158895,US5255582018,USA,Massachusetts,medical equipment,medical equipment and supplies,,,,https://subsidytracker.goodjobsfirst.org/parent/lemaitre-vascular-inc
LendingClub Corp.,5486054,0,2,1390,2015,2015,NYSE other,publicly traded,LC,1409970,US52603A2087,USA,California,financial services,financial services,,,https://violationtracker.goodjobsfirst.org/parent/lendingclub-corp,https://subsidytracker.goodjobsfirst.org/parent/lendingclub-corp
LendingTree,7121419,0,8,1291,2008,2013,NYSE other,publicly traded,TREE,1434621,US52603B1070,USA,North Carolina,online loans,financial services,,,https://violationtracker.goodjobsfirst.org/parent/lendingtree,https://subsidytracker.goodjobsfirst.org/parent/lendingtree
Lennox International,12704189,0,21,1047,1995,2010,NYSE other,publicly traded,LII,1069202,US5261071071,USA,Texas,heating & cooling equipment,miscellaneous manufacturing,,,https://violationtracker.goodjobsfirst.org/parent/lennox-international,https://subsidytracker.goodjobsfirst.org/parent/lennox-international
Lenovo,135765318,0,15,320,2006,2013,Global 101-500,publicly traded,,,HK0992009065,China,,computers,electrical and electronic equipment,,,https://violationtracker.goodjobsfirst.org/parent/lenovo,https://subsidytracker.goodjobsfirst.org/parent/lenovo
Lenze,0,0,2,2616,2002,2002,none,privately held,,,,Germany,,motion control equipment,miscellaneous manufacturing,,,,https://subsidytracker.goodjobsfirst.org/parent/lenze
Leonard Green & Partners,42333540,0,173,653,2000,2012,PEI 1-50,privately held,,,,USA,California,private equity (including portfolio companies),private equity (including portfolio companies),,,https://violationtracker.goodjobsfirst.org/parent/leonard-green-and-partners,https://subsidytracker.goodjobsfirst.org/parent/leonard-green-and-partners
Leonardo S.p.A.,56817607,231293781,50,548,2000,2008,Uniworld 101-500,publicly traded,,,IT0003856405,Italy,,aerospace & military contracting,aerospace and military contracting,,http://www.contractormisconduct.org/contractors/134/drs-technologies-inc,https://violationtracker.goodjobsfirst.org/parent/leonardo-spa,https://subsidytracker.goodjobsfirst.org/parent/leonardo-spa
Leprino Foods,29956685,0,89,764,2000,2013,Forbes 101-225,privately held,,,,USA,Colorado,food products,food products,,,https://violationtracker.goodjobsfirst.org/parent/leprino-foods,https://subsidytracker.goodjobsfirst.org/parent/leprino-foods
Les Schwab Tire Centers,110347,0,3,2409,2008,2012,none,privately held,,,,USA,Oregon,retail-automobile tires,retailing,,,https://violationtracker.goodjobsfirst.org/parent/les-schwab-tire-centers,https://subsidytracker.goodjobsfirst.org/parent/les-schwab-tire-centers
Levi Strauss,62839,0,3,2465,2007,2010,Fortune 501-1000,publicly traded,LEVI,94845,US52736R1023,USA,California,apparel,apparel,,,https://violationtracker.goodjobsfirst.org/parent/levi-strauss,https://subsidytracker.goodjobsfirst.org/parent/levi-strauss
Lexmark International,15735175,0,11,979,2000,2012,none,privately held,,,,USA,Kentucky,computer peripherals,electrical and electronic equipment,,,https://violationtracker.goodjobsfirst.org/parent/lexmark-international,https://subsidytracker.goodjobsfirst.org/parent/lexmark-international
LG,1054086501,5000000,102,67,1996,2010,Global 101-500,publicly traded,,,KR7066570003,South Korea,,diversified,diversified,http://www.corp-research.org/LG,,https://violationtracker.goodjobsfirst.org/parent/lg,https://subsidytracker.goodjobsfirst.org/parent/lg
LHC Group,1316228,75000,19,1952,2004,2008,NYSE other,publicly traded,LHCG,1303313,US50187A1079,USA,Louisiana,healthcare services,healthcare services,,,https://violationtracker.goodjobsfirst.org/parent/lhc-group,https://subsidytracker.goodjobsfirst.org/parent/lhc-group
Lhoist Group,537344,0,2,2161,2000,2000,none,privately held,,,,Belgium,,minerals,mining and minerals,,,https://violationtracker.goodjobsfirst.org/parent/lhoist-group,https://subsidytracker.goodjobsfirst.org/parent/lhoist-group
Libbey,19084694,45000,37,921,1995,2010,none,privately held,,,,USA,Ohio,glass products,miscellaneous manufacturing,,,https://violationtracker.goodjobsfirst.org/parent/libbey,https://subsidytracker.goodjobsfirst.org/parent/libbey
Liberty Media,2500835,0,13,1721,1999,2007,Fortune 101-500,publicly traded,FWONA,1560385,US5312298707,USA,Colorado,media,media,,,https://violationtracker.goodjobsfirst.org/parent/liberty-media,https://subsidytracker.goodjobsfirst.org/parent/liberty-media
Liberty Mutual Insurance,23499764,72500000,21,846,2002,2010,Fortune 1-100,mutual,,,,USA,Massachusetts,insurance,financial services,,,https://violationtracker.goodjobsfirst.org/parent/liberty-mutual-insurance,https://subsidytracker.goodjobsfirst.org/parent/liberty-mutual-insurance
Liebherr,3348528,0,22,1592,1994,2013,Uniworld 101-500,privately held,,,,Switzerland,,construction equipment,heavy equipment,,,https://violationtracker.goodjobsfirst.org/parent/liebherr,https://subsidytracker.goodjobsfirst.org/parent/liebherr
Life Storage Inc.,1977330,0,20,1808,2014,2016,NYSE other,publicly traded,LSI,944314,US53223X1072,USA,New York,self-storage facilities,miscellaneous services,,,,https://subsidytracker.goodjobsfirst.org/parent/life-storage-inc
Ligand Pharmaceuticals,2523460,0,3,1713,NULL,NULL,NYSE other,publicly traded,LGND,886163,US53220K5048,USA,California,pharmaceuticals,pharmaceuticals,,,,https://subsidytracker.goodjobsfirst.org/parent/ligand-pharmaceuticals
Light & Wonder Inc.,6423038,0,20,1320,2009,2015,none,publicly traded,LNW,750004,US80874P1093,USA,Nevada,gambling systems,entertainment,,,https://violationtracker.goodjobsfirst.org/parent/light-and-wonder-inc,https://subsidytracker.goodjobsfirst.org/parent/light-and-wonder-inc
Lignetics,9838430,0,65,1154,2006,2012,none,privately held,,,,USA,Colorado,biomass fuels,miscellaneous energy products and systems,,,https://violationtracker.goodjobsfirst.org/parent/lignetics,https://subsidytracker.goodjobsfirst.org/parent/lignetics
Limelight Networks,0,0,3,2616,2006,2007,Russell3000,publicly traded,LLNW,1391127,US53261M1045,USA,Arizona,telecommunications,telecommunications,,,,https://subsidytracker.goodjobsfirst.org/parent/limelight-networks
Limoneira Co.,41126,0,2,2509,2010,2010,NYSE other,publicly traded,LMNR,1342423,US5327461043,USA,California,agribusiness,agribusiness,,,,https://subsidytracker.goodjobsfirst.org/parent/limoneira-co
Lincoln Electric Holdings,14127385,10300000,45,1013,1998,2012,NYSE other,publicly traded,LECO,59527,US5339001068,USA,Ohio,industrial equipment,industrial equipment,,,https://violationtracker.goodjobsfirst.org/parent/lincoln-electric-holdings,https://subsidytracker.goodjobsfirst.org/parent/lincoln-electric-holdings
Lincoln National,12196319,1422100000,23,1066,2000,2015,Fortune 101-500,publicly traded,LNC,59558,US5341871094,USA,Pennsylvania,financial services,financial services,,,https://violationtracker.goodjobsfirst.org/parent/lincoln-national,https://subsidytracker.goodjobsfirst.org/parent/lincoln-national
Linde,442693910,10000000,418,129,1993,2014,NYSE other,publicly traded,NYSE: LIN,1707925,DE0006483001,United Kingdom,,industrial gas,industrial services,,,https://violationtracker.goodjobsfirst.org/parent/linde,https://subsidytracker.goodjobsfirst.org/parent/linde
Lindsay Goldberg,10649216,0,43,1129,2006,2015,none,privately held,,,,USA,New York,private equity (including portfolio companies),private equity (including portfolio companies),,,https://violationtracker.goodjobsfirst.org/parent/lindsay-goldberg,https://subsidytracker.goodjobsfirst.org/parent/lindsay-goldberg
Lindt & Sprungli,707278,0,25,2102,1995,2014,none,publicly traded,,,CH0010570759,Switzerland,,food products,food products,,,https://violationtracker.goodjobsfirst.org/parent/lindt-and-sprungli,https://subsidytracker.goodjobsfirst.org/parent/lindt-and-sprungli
Lineage Logistics,37715822,0,94,692,1990,2012,none,privately held,,,,USA,California,logistics,freight and logistics,,,https://violationtracker.goodjobsfirst.org/parent/lineage-logistics,https://subsidytracker.goodjobsfirst.org/parent/lineage-logistics
Lion Elastomers,10561533,0,14,1130,2002,2010,none,privately held,,,,USA,Louisiana,synthetic rubber,chemicals,,,https://violationtracker.goodjobsfirst.org/parent/lion-elastomers,https://subsidytracker.goodjobsfirst.org/parent/lion-elastomers
Lions Gate Entertainment,292238214,114134445,66,194,2000,2010,NYSE other,publicly traded,LGF,929351,CA5359194019,USA,California,entertainment,entertainment,,,https://violationtracker.goodjobsfirst.org/parent/lions-gate-entertainment,https://subsidytracker.goodjobsfirst.org/parent/lions-gate-entertainment
Lithia Motors,422819,0,3,2215,2008,2013,Fortune 101-500,publicly traded,LAD,1023128,US5367971034,USA,Oregon,retail-automotive,retailing,,,https://violationtracker.goodjobsfirst.org/parent/lithia-motors,https://subsidytracker.goodjobsfirst.org/parent/lithia-motors
Littelfuse Inc.,247000,0,2,2303,2011,2011,NYSE other,publicly traded,LFUS,889331,US5370081045,USA,Illinois,circuit protection products,electrical and electronic equipment,,,https://violationtracker.goodjobsfirst.org/parent/littelfuse-inc,https://subsidytracker.goodjobsfirst.org/parent/littelfuse-inc
Littlejohn & Co.,26848635,7040000,49,794,2000,2014,none,privately held,,,,USA,Connecticut,private equity (including portfolio companies),private equity (including portfolio companies),,,https://violationtracker.goodjobsfirst.org/parent/littlejohn-and-co,https://subsidytracker.goodjobsfirst.org/parent/littlejohn-and-co
Live Nation Entertainment,619688,0,5,2131,1992,2001,Fortune 501-1000,publicly traded,LYV,1335258,US5380341090,USA,California,entertainment,entertainment,,,https://violationtracker.goodjobsfirst.org/parent/live-nation-entertainment,https://subsidytracker.goodjobsfirst.org/parent/live-nation-entertainment
LivingSocial,3050123,0,2,1626,2012,2012,none,privately held,,,,USA,District of Columbia,internet services,information technology,,,,https://subsidytracker.goodjobsfirst.org/parent/livingsocial
LKQ,6060100,17916095,38,1341,2000,2016,Fortune 101-500,publicly traded,LKQ,1065696,US5018892084,USA,Illinois,wholesalers-auto parts,wholesalers,,,https://violationtracker.goodjobsfirst.org/parent/lkq,https://subsidytracker.goodjobsfirst.org/parent/lkq
LL Flooring Holdings,34037,0,1,2523,2013,2013,Russell3000,publicly traded,LL,1396033,US55003T1079,USA,Virginia,flooring,housewares and home furnishings,,,https://violationtracker.goodjobsfirst.org/parent/ll-flooring-holdings,https://subsidytracker.goodjobsfirst.org/parent/ll-flooring-holdings
Lloyd Industries,24377,5650000,14,2539,2011,2011,none,privately held,,,,USA,Pennsylvania,fire safety products,miscellaneous manufacturing,,,https://violationtracker.goodjobsfirst.org/parent/lloyd-industries,https://subsidytracker.goodjobsfirst.org/parent/lloyd-industries
Lloyds Banking Group,0,1.91E+11,62,2616,NULL,NULL,FTSE 100,publicly traded,LSE: LLOY,,GB0008706128,United Kingdom,,banking,financial services,,,https://violationtracker.goodjobsfirst.org/parent/lloyds-banking-group,https://subsidytracker.goodjobsfirst.org/parent/lloyds-banking-group
Lockheed Martin,2276685034,1460301692,1035,24,1996,2011,Fortune 1-100,publicly traded,LMT,936468,US5398301094,USA,Maryland,aerospace & military contracting,aerospace and military contracting,http://www.corp-research.org/lockheed-martin,http://www.contractormisconduct.org/contractors/38/lockheed-martin,https://violationtracker.goodjobsfirst.org/parent/lockheed-martin,https://subsidytracker.goodjobsfirst.org/parent/lockheed-martin
Loews Corp.,14382421,1900000000,64,1008,1998,2011,Fortune 101-500,publicly traded,L,60086,US5404241086,USA,New York,diversified,diversified,,,https://violationtracker.goodjobsfirst.org/parent/loews-corp,https://subsidytracker.goodjobsfirst.org/parent/loews-corp
Schreiber Foods,9481735,0,21,1171,2000,2009,Forbes 51-100,privately held,,,,USA,Wisconsin,food products,food products,,,https://violationtracker.goodjobsfirst.org/parent/schreiber-foods,https://subsidytracker.goodjobsfirst.org/parent/schreiber-foods
Schupp & Grochmal,313750000,0,2,179,2007,2007,none,privately held,,,,USA,Connecticut,investment management,financial services,,,https://violationtracker.goodjobsfirst.org/parent/schupp-and-grochmal,https://subsidytracker.goodjobsfirst.org/parent/schupp-and-grochmal
Schwarz Group,10065211,14100000,15,1141,2015,2018,none,privately held,,,,Germany,,retail-supermarkets,retailing,,,https://violationtracker.goodjobsfirst.org/parent/schwarz-group,https://subsidytracker.goodjobsfirst.org/parent/schwarz-group
Schweitzer-Mauduit International,274247,2155500,16,2280,1995,2007,NYSE other,publicly traded,SWM,1000623,US8085411069,USA,Georgia,cigarette paper,tobacco,,,https://violationtracker.goodjobsfirst.org/parent/schweitzer-mauduit-international,https://subsidytracker.goodjobsfirst.org/parent/schweitzer-mauduit-international
SciClone Pharmaceuticals,97370,0,1,2424,NULL,NULL,none,privately held,,,,USA,California,pharmaceuticals,pharmaceuticals,,,https://violationtracker.goodjobsfirst.org/parent/sciclone-pharmaceuticals,https://subsidytracker.goodjobsfirst.org/parent/sciclone-pharmaceuticals
Science Applications International Corp. (SAIC),110659281,1700000,165,363,2007,2012,Fortune 101-500,publicly traded,SAIC,1571123,US8086251076,USA,Virginia,information technology,information technology,,http://www.contractormisconduct.org/contractors/47/saic,https://violationtracker.goodjobsfirst.org/parent/science-applications-international-corp-,https://subsidytracker.goodjobsfirst.org/parent/science-applications-international-corp-
SCOR,190941750,0,5,261,1997,2002,none,publicly traded,,,FR0010411983,France,,insurance,financial services,,,https://violationtracker.goodjobsfirst.org/parent/scor,https://subsidytracker.goodjobsfirst.org/parent/scor
,,,,,,,,,,,,,,,,,,,
,,,,,,,,,,,,,,,,,,,
,,,,,,,,,,,,,,,,,,,
,,,,,,,,,,,,,,,,,,,
,,,,,,,,,,,,,,,,,,,
,,,,,,,,,,,,,,,,,,,
,,,,,,,,,,,,,,,,,,,
,,,,,,,,,,,,,,,,,,,
,,,,,,,,,,,,,,,,,,,
,,,,,,,,,,,,,,,,,,,
,,,,,,,,,,,,,,,,,,,
,,,,,,,,,,,,,,,,,,,
,,,,,,,,,,,,,,,,,,,
,,,,,,,,,,,,,,,,,,,
,,,,,,,,,,,,,,,,,,,
,,,,,,,,,,,,,,,,,,,
,,,,,,,,,,,,,,,,,,,
,,,,,,,,,,,,,,,,,,,
,,,,,,,,,,,,,,,,,,,
,,,,,,,,,,,,,,,,,,,
,,,,,,,,,,,,,,,,,,,
,,,,,,,,,,,,,,,,,,,
,,,,,,,,,,,,,,,,,,,
,,,,,,,,,,,,,,,,,,,
,,,,,,,,,,,,,,,,,,,
,,,,,,,,,,,,,,,,,,,
,,,,,,,,,,,,,,,,,,,
,,,,,,,,,,,,,,,,,,,
,,,,,,,,,,,,,,,,,,,
,,,,,,,,,,,,,,,,,,,
,,,,,,,,,,,,,,,,,,,
,,,,,,,,,,,,,,,,,,,
,,,,,,,,,,,,,,,,,,,
,,,,,,,,,,,,,,,,,,,
,,,,,,,,,,,,,,,,,,,
,,,,,,,,,,,,,,,,,,,
,,,,,,,,,,,,,,,,,,,
,,,,,,,,,,,,,,,,,,,
,,,,,,,,,,,,,,,,,,,
,,,,,,,,,,,,,,,,,,,
,,,,,,,,,,,,,,,,,,,
,,,,,,,,,,,,,,,,,,,
,,,,,,,,,,,,,,,,,,,
,,,,,,,,,,,,,,,,,,,
,,,,,,,,,,,,,,,,,,,
,,,,,,,,,,,,,,,,,,,
,,,,,,,,,,,,,,,,,,,
,,,,,,,,,,,,,,,,,,,
,,,,,,,,,,,,,,,,,,,
,,,,,,,,,,,,,,,,,,,
,,,,,,,,,,,,,,,,,,,
,,,,,,,,,,,,,,,,,,,
,,,,,,,,,,,,,,,,,,,
,,,,,,,,,,,,,,,,,,,
,,,,,,,,,,,,,,,,,,,
,,,,,,,,,,,,,,,,,,,
,,,,,,,,,,,,,,,,,,,
,,,,,,,,,,,,,,,,,,,
,,,,,,,,,,,,,,,,,,,
,,,,,,,,,,,,,,,,,,,
,,,,,,,,,,,,,,,,,,,
,,,,,,,,,,,,,,,,,,,
,,,,,,,,,,,,,,,,,,,
,,,,,,,,,,,,,,,,,,,
,,,,,,,,,,,,,,,,,,,
,,,,,,,,,,,,,,,,,,,
,,,,,,,,,,,,,,,,,,,
,,,,,,,,,,,,,,,,,,,
,,,,,,,,,,,,,,,,,,,
,,,,,,,,,,,,,,,,,,,
,,,,,,,,,,,,,,,,,,,
,,,,,,,,,,,,,,,,,,,
,,,,,,,,,,,,,,,,,,,
,,,,,,,,,,,,,,,,,,,
,,,,,,,,,,,,,,,,,,,
,,,,,,,,,,,,,,,,,,,
,,,,,,,,,,,,,,,,,,,
,,,,,,,,,,,,,,,,,,,
,,,,,,,,,,,,,,,,,,,
,,,,,,,,,,,,,,,,,,,
,,,,,,,,,,,,,,,,,,,
,,,,,,,,,,,,,,,,,,,
,,,,,,,,,,,,,,,,,,,
,,,,,,,,,,,,,,,,,,,
,,,,,,,,,,,,,,,,,,,
,,,,,,,,,,,,,,,,,,,
,,,,,,,,,,,,,,,,,,,
,,,,,,,,,,,,,,,,,,,
,,,,,,,,,,,,,,,,,,,
,,,,,,,,,,,,,,,,,,,
,,,,,,,,,,,,,,,,,,,
,,,,,,,,,,,,,,,,,,,
,,,,,,,,,,,,,,,,,,,
,,,,,,,,,,,,,,,,,,,
,,,,,,,,,,,,,,,,,,,
,,,,,,,,,,,,,,,,,,,
,,,,,,,,,,,,,,,,,,,
,,,,,,,,,,,,,,,,,,,
,,,,,,,,,,,,,,,,,,,
,,,,,,,,,,,,,,,,,,,
,,,,,,,,,,,,,,,,,,,
,,,,,,,,,,,,,,,,,,,
,,,,,,,,,,,,,,,,,,,
,,,,,,,,,,,,,,,,,,,
,,,,,,,,,,,,,,,,,,,
,,,,,,,,,,,,,,,,,,,
,,,,,,,,,,,,,,,,,,,
,,,,,,,,,,,,,,,,,,,
,,,,,,,,,,,,,,,,,,,
,,,,,,,,,,,,,,,,,,,
,,,,,,,,,,,,,,,,,,,
,,,,,,,,,,,,,,,,,,,
,,,,,,,,,,,,,,,,,,,
,,,,,,,,,,,,,,,,,,,
,,,,,,,,,,,,,,,,,,,
,,,,,,,,,,,,,,,,,,,
,,,,,,,,,,,,,,,,,,,
,,,,,,,,,,,,,,,,,,,
,,,,,,,,,,,,,,,,,,,
,,,,,,,,,,,,,,,,,,,
,,,,,,,,,,,,,,,,,,,
,,,,,,,,,,,,,,,,,,,
,,,,,,,,,,,,,,,,,,,
,,,,,,,,,,,,,,,,,,,
,,,,,,,,,,,,,,,,,,,
,,,,,,,,,,,,,,,,,,,
,,,,,,,,,,,,,,,,,,,
,,,,,,,,,,,,,,,,,,,
,,,,,,,,,,,,,,,,,,,
,,,,,,,,,,,,,,,,,,,
,,,,,,,,,,,,,,,,,,,
,,,,,,,,,,,,,,,,,,,
,,,,,,,,,,,,,,,,,,,
,,,,,,,,,,,,,,,,,,,
,,,,,,,,,,,,,,,,,,,
,,,,,,,,,,,,,,,,,,,
,,,,,,,,,,,,,,,,,,,
,,,,,,,,,,,,,,,,,,,
,,,,,,,,,,,,,,,,,,,
,,,,,,,,,,,,,,,,,,,
,,,,,,,,,,,,,,,,,,,
,,,,,,,,,,,,,,,,,,,
,,,,,,,,,,,,,,,,,,,
,,,,,,,,,,,,,,,,,,,
,,,,,,,,,,,,,,,,,,,
,,,,,,,,,,,,,,,,,,,
,,,,,,,,,,,,,,,,,,,
,,,,,,,,,,,,,,,,,,,
,,,,,,,,,,,,,,,,,,,
,,,,,,,,,,,,,,,,,,,
,,,,,,,,,,,,,,,,,,,
,,,,,,,,,,,,,,,,,,,
,,,,,,,,,,,,,,,,,,,
,,,,,,,,,,,,,,,,,,,
,,,,,,,,,,,,,,,,,,,
,,,,,,,,,,,,,,,,,,,
,,,,,,,,,,,,,,,,,,,
,,,,,,,,,,,,,,,,,,,
,,,,,,,,,,,,,,,,,,,
,,,,,,,,,,,,,,,,,,,
,,,,,,,,,,,,,,,,,,,
,,,,,,,,,,,,,,,,,,,
,,,,,,,,,,,,,,,,,,,
,,,,,,,,,,,,,,,,,,,
,,,,,,,,,,,,,,,,,,,
,,,,,,,,,,,,,,,,,,,
,,,,,,,,,,,,,,,,,,,
,,,,,,,,,,,,,,,,,,,
,,,,,,,,,,,,,,,,,,,
,,,,,,,,,,,,,,,,,,,
,,,,,,,,,,,,,,,,,,,
,,,,,,,,,,,,,,,,,,,
,,,,,,,,,,,,,,,,,,,
,,,,,,,,,,,,,,,,,,,
,,,,,,,,,,,,,,,,,,,
,,,,,,,,,,,,,,,,,,,
,,,,,,,,,,,,,,,,,,,
,,,,,,,,,,,,,,,,,,,
,,,,,,,,,,,,,,,,,,,
,,,,,,,,,,,,,,,,,,,
,,,,,,,,,,,,,,,,,,,
,,,,,,,,,,,,,,,,,,,
,,,,,,,,,,,,,,,,,,,
,,,,,,,,,,,,,,,,,,,
,,,,,,,,,,,,,,,,,,,
,,,,,,,,,,,,,,,,,,,
,,,,,,,,,,,,,,,,,,,
,,,,,,,,,,,,,,,,,,,
,,,,,,,,,,,,,,,,,,,
,,,,,,,,,,,,,,,,,,,
,,,,,,,,,,,,,,,,,,,
,,,,,,,,,,,,,,,,,,,
,,,,,,,,,,,,,,,,,,,
,,,,,,,,,,,,,,,,,,,
,,,,,,,,,,,,,,,,,,,
,,,,,,,,,,,,,,,,,,,
,,,,,,,,,,,,,,,,,,,
,,,,,,,,,,,,,,,,,,,
,,,,,,,,,,,,,,,,,,,
,,,,,,,,,,,,,,,,,,,
,,,,,,,,,,,,,,,,,,,
,,,,,,,,,,,,,,,,,,,
,,,,,,,,,,,,,,,,,,,
,,,,,,,,,,,,,,,,,,,
,,,,,,,,,,,,,,,,,,,
,,,,,,,,,,,,,,,,,,,
,,,,,,,,,,,,,,,,,,,
,,,,,,,,,,,,,,,,,,,
,,,,,,,,,,,,,,,,,,,
,,,,,,,,,,,,,,,,,,,
,,,,,,,,,,,,,,,,,,,
,,,,,,,,,,,,,,,,,,,
,,,,,,,,,,,,,,,,,,,
,,,,,,,,,,,,,,,,,,,
,,,,,,,,,,,,,,,,,,,
,,,,,,,,,,,,,,,,,,,
,,,,,,,,,,,,,,,,,,,
,,,,,,,,,,,,,,,,,,,
,,,,,,,,,,,,,,,,,,,
,,,,,,,,,,,,,,,,,,,
,,,,,,,,,,,,,,,,,,,
,,,,,,,,,,,,,,,,,,,
,,,,,,,,,,,,,,,,,,,
,,,,,,,,,,,,,,,,,,,
,,,,,,,,,,,,,,,,,,,
,,,,,,,,,,,,,,,,,,,
,,,,,,,,,,,,,,,,,,,
,,,,,,,,,,,,,,,,,,,
,,,,,,,,,,,,,,,,,,,
,,,,,,,,,,,,,,,,,,,
,,,,,,,,,,,,,,,,,,,
,,,,,,,,,,,,,,,,,,,
,,,,,,,,,,,,,,,,,,,
,,,,,,,,,,,,,,,,,,,
,,,,,,,,,,,,,,,,,,,
,,,,,,,,,,,,,,,,,,,
,,,,,,,,,,,,,,,,,,,
,,,,,,,,,,,,,,,,,,,
,,,,,,,,,,,,,,,,,,,
,,,,,,,,,,,,,,,,,,,
,,,,,,,,,,,,,,,,,,,
,,,,,,,,,,,,,,,,,,,
,,,,,,,,,,,,,,,,,,,
,,,,,,,,,,,,,,,,,,,
,,,,,,,,,,,,,,,,,,,
,,,,,,,,,,,,,,,,,,,
,,,,,,,,,,,,,,,,,,,
,,,,,,,,,,,,,,,,,,,
,,,,,,,,,,,,,,,,,,,
,,,,,,,,,,,,,,,,,,,
,,,,,,,,,,,,,,,,,,,
,,,,,,,,,,,,,,,,,,,
,,,,,,,,,,,,,,,,,,,
,,,,,,,,,,,,,,,,,,,
,,,,,,,,,,,,,,,,,,,
,,,,,,,,,,,,,,,,,,,
,,,,,,,,,,,,,,,,,,,
,,,,,,,,,,,,,,,,,,,
,,,,,,,,,,,,,,,,,,,
,,,,,,,,,,,,,,,,,,,
,,,,,,,,,,,,,,,,,,,
,,,,,,,,,,,,,,,,,,,
,,,,,,,,,,,,,,,,,,,
,,,,,,,,,,,,,,,,,,,
,,,,,,,,,,,,,,,,,,,
,,,,,,,,,,,,,,,,,,,
,,,,,,,,,,,,,,,,,,,
,,,,,,,,,,,,,,,,,,,
,,,,,,,,,,,,,,,,,,,
,,,,,,,,,,,,,,,,,,,
,,,,,,,,,,,,,,,,,,,
,,,,,,,,,,,,,,,,,,,
,,,,,,,,,,,,,,,,,,,
,,,,,,,,,,,,,,,,,,,
,,,,,,,,,,,,,,,,,,,
,,,,,,,,,,,,,,,,,,,
,,,,,,,,,,,,,,,,,,,
,,,,,,,,,,,,,,,,,,,
,,,,,,,,,,,,,,,,,,,
,,,,,,,,,,,,,,,,,,,
,,,,,,,,,,,,,,,,,,,
,,,,,,,,,,,,,,,,,,,
,,,,,,,,,,,,,,,,,,,
,,,,,,,,,,,,,,,,,,,
,,,,,,,,,,,,,,,,,,,
,,,,,,,,,,,,,,,,,,,
,,,,,,,,,,,,,,,,,,,
,,,,,,,,,,,,,,,,,,,
,,,,,,,,,,,,,,,,,,,
,,,,,,,,,,,,,,,,,,,
,,,,,,,,,,,,,,,,,,,
,,,,,,,,,,,,,,,,,,,
,,,,,,,,,,,,,,,,,,,
,,,,,,,,,,,,,,,,,,,
,,,,,,,,,,,,,,,,,,,
,,,,,,,,,,,,,,,,,,,
,,,,,,,,,,,,,,,,,,,
,,,,,,,,,,,,,,,,,,,
,,,,,,,,,,,,,,,,,,,
,,,,,,,,,,,,,,,,,,,
,,,,,,,,,,,,,,,,,,,
,,,,,,,,,,,,,,,,,,,
,,,,,,,,,,,,,,,,,,,
,,,,,,,,,,,,,,,,,,,
,,,,,,,,,,,,,,,,,,,
,,,,,,,,,,,,,,,,,,,
,,,,,,,,,,,,,,,,,,,
,,,,,,,,,,,,,,,,,,,
,,,,,,,,,,,,,,,,,,,
,,,,,,,,,,,,,,,,,,,
,,,,,,,,,,,,,,,,,,,
,,,,,,,,,,,,,,,,,,,
,,,,,,,,,,,,,,,,,,,
,,,,,,,,,,,,,,,,,,,
,,,,,,,,,,,,,,,,,,,
,,,,,,,,,,,,,,,,,,,
,,,,,,,,,,,,,,,,,,,
,,,,,,,,,,,,,,,,,,,
,,,,,,,,,,,,,,,,,,,
,,,,,,,,,,,,,,,,,,,
,,,,,,,,,,,,,,,,,,,
,,,,,,,,,,,,,,,,,,,
,,,,,,,,,,,,,,,,,,,
,,,,,,,,,,,,,,,,,,,
,,,,,,,,,,,,,,,,,,,
,,,,,,,,,,,,,,,,,,,
,,,,,,,,,,,,,,,,,,,
,,,,,,,,,,,,,,,,,,,
,,,,,,,,,,,,,,,,,,,
,,,,,,,,,,,,,,,,,,,
,,,,,,,,,,,,,,,,,,,
,,,,,,,,,,,,,,,,,,,
,,,,,,,,,,,,,,,,,,,
,,,,,,,,,,,,,,,,,,,
,,,,,,,,,,,,,,,,,,,
,,,,,,,,,,,,,,,,,,,
,,,,,,,,,,,,,,,,,,,
,,,,,,,,,,,,,,,,,,,
,,,,,,,,,,,,,,,,,,,
,,,,,,,,,,,,,,,,,,,
,,,,,,,,,,,,,,,,,,,
,,,,,,,,,,,,,,,,,,,
,,,,,,,,,,,,,,,,,,,
,,,,,,,,,,,,,,,,,,,
,,,,,,,,,,,,,,,,,,,
,,,,,,,,,,,,,,,,,,,
,,,,,,,,,,,,,,,,,,,
,,,,,,,,,,,,,,,,,,,
,,,,,,,,,,,,,,,,,,,
,,,,,,,,,,,,,,,,,,,
,,,,,,,,,,,,,,,,,,,
,,,,,,,,,,,,,,,,,,,
,,,,,,,,,,,,,,,,,,,
,,,,,,,,,,,,,,,,,,,
,,,,,,,,,,,,,,,,,,,
,,,,,,,,,,,,,,,,,,,
,,,,,,,,,,,,,,,,,,,
,,,,,,,,,,,,,,,,,,,
,,,,,,,,,,,,,,,,,,,
,,,,,,,,,,,,,,,,,,,
,,,,,,,,,,,,,,,,,,,
,,,,,,,,,,,,,,,,,,,
,,,,,,,,,,,,,,,,,,,
,,,,,,,,,,,,,,,,,,,
,,,,,,,,,,,,,,,,,,,
,,,,,,,,,,,,,,,,,,,
,,,,,,,,,,,,,,,,,,,
,,,,,,,,,,,,,,,,,,,
,,,,,,,,,,,,,,,,,,,
,,,,,,,,,,,,,,,,,,,
,,,,,,,,,,,,,,,,,,,
,,,,,,,,,,,,,,,,,,,
,,,,,,,,,,,,,,,,,,,
,,,,,,,,,,,,,,,,,,,
,,,,,,,,,,,,,,,,,,,
,,,,,,,,,,,,,,,,,,,
,,,,,,,,,,,,,,,,,,,
,,,,,,,,,,,,,,,,,,,
,,,,,,,,,,,,,,,,,,,
,,,,,,,,,,,,,,,,,,,
,,,,,,,,,,,,,,,,,,,
,,,,,,,,,,,,,,,,,,,
,,,,,,,,,,,,,,,,,,,
,,,,,,,,,,,,,,,,,,,
,,,,,,,,,,,,,,,,,,,
,,,,,,,,,,,,,,,,,,,
,,,,,,,,,,,,,,,,,,,
,,,,,,,,,,,,,,,,,,,
,,,,,,,,,,,,,,,,,,,
,,,,,,,,,,,,,,,,,,,
,,,,,,,,,,,,,,,,,,,
,,,,,,,,,,,,,,,,,,,
,,,,,,,,,,,,,,,,,,,
,,,,,,,,,,,,,,,,,,,
,,,,,,,,,,,,,,,,,,,
,,,,,,,,,,,,,,,,,,,
,,,,,,,,,,,,,,,,,,,
,,,,,,,,,,,,,,,,,,,
,,,,,,,,,,,,,,,,,,,
,,,,,,,,,,,,,,,,,,,
,,,,,,,,,,,,,,,,,,,
,,,,,,,,,,,,,,,,,,,
,,,,,,,,,,,,,,,,,,,
,,,,,,,,,,,,,,,,,,,
,,,,,,,,,,,,,,,,,,,
,,,,,,,,,,,,,,,,,,,
,,,,,,,,,,,,,,,,,,,
,,,,,,,,,,,,,,,,,,,
,,,,,,,,,,,,,,,,,,,
,,,,,,,,,,,,,,,,,,,
,,,,,,,,,,,,,,,,,,,
,,,,,,,,,,,,,,,,,,,
,,,,,,,,,,,,,,,,,,,
,,,,,,,,,,,,,,,,,,,
,,,,,,,,,,,,,,,,,,,
,,,,,,,,,,,,,,,,,,,
,,,,,,,,,,,,,,,,,,,
,,,,,,,,,,,,,,,,,,,
,,,,,,,,,,,,,,,,,,,
,,,,,,,,,,,,,,,,,,,
,,,,,,,,,,,,,,,,,,,
,,,,,,,,,,,,,,,,,,,
,,,,,,,,,,,,,,,,,,,
,,,,,,,,,,,,,,,,,,,
,,,,,,,,,,,,,,,,,,,
,,,,,,,,,,,,,,,,,,,
,,,,,,,,,,,,,,,,,,,
,,,,,,,,,,,,,,,,,,,
,,,,,,,,,,,,,,,,,,,
,,,,,,,,,,,,,,,,,,,
,,,,,,,,,,,,,,,,,,,
,,,,,,,,,,,,,,,,,,,
,,,,,,,,,,,,,,,,,,,
,,,,,,,,,,,,,,,,,,,
,,,,,,,,,,,,,,,,,,,
,,,,,,,,,,,,,,,,,,,
,,,,,,,,,,,,,,,,,,,
,,,,,,,,,,,,,,,,,,,
,,,,,,,,,,,,,,,,,,,
,,,,,,,,,,,,,,,,,,,
,,,,,,,,,,,,,,,,,,,
,,,,,,,,,,,,,,,,,,,
,,,,,,,,,,,,,,,,,,,
,,,,,,,,,,,,,,,,,,,
,,,,,,,,,,,,,,,,,,,
,,,,,,,,,,,,,,,,,,,
,,,,,,,,,,,,,,,,,,,
,,,,,,,,,,,,,,,,,,,
,,,,,,,,,,,,,,,,,,,
,,,,,,,,,,,,,,,,,,,
,,,,,,,,,,,,,,,,,,,
,,,,,,,,,,,,,,,,,,,
,,,,,,,,,,,,,,,,,,,
,,,,,,,,,,,,,,,,,,,
,,,,,,,,,,,,,,,,,,,
,,,,,,,,,,,,,,,,,,,
,,,,,,,,,,,,,,,,,,,
,,,,,,,,,,,,,,,,,,,
,,,,,,,,,,,,,,,,,,,
,,,,,,,,,,,,,,,,,,,
,,,,,,,,,,,,,,,,,,,
,,,,,,,,,,,,,,,,,,,
,,,,,,,,,,,,,,,,,,,
,,,,,,,,,,,,,,,,,,,
,,,,,,,,,,,,,,,,,,,
,,,,,,,,,,,,,,,,,,,
,,,,,,,,,,,,,,,,,,,
,,,,,,,,,,,,,,,,,,,
,,,,,,,,,,,,,,,,,,,
,,,,,,,,,,,,,,,,,,,
,,,,,,,,,,,,,,,,,,,
,,,,,,,,,,,,,,,,,,,
,,,,,,,,,,,,,,,,,,,
,,,,,,,,,,,,,,,,,,,
,,,,,,,,,,,,,,,,,,,
,,,,,,,,,,,,,,,,,,,
,,,,,,,,,,,,,,,,,,,
,,,,,,,,,,,,,,,,,,,
,,,,,,,,,,,,,,,,,,,
,,,,,,,,,,,,,,,,,,,
,,,,,,,,,,,,,,,,,,,
,,,,,,,,,,,,,,,,,,,
,,,,,,,,,,,,,,,,,,,
,,,,,,,,,,,,,,,,,,,
,,,,,,,,,,,,,,,,,,,
,,,,,,,,,,,,,,,,,,,
,,,,,,,,,,,,,,,,,,,
,,,,,,,,,,,,,,,,,,,
,,,,,,,,,,,,,,,,,,,
,,,,,,,,,,,,,,,,,,,
,,,,,,,,,,,,,,,,,,,
,,,,,,,,,,,,,,,,,,,
,,,,,,,,,,,,,,,,,,,
,,,,,,,,,,,,,,,,,,,
,,,,,,,,,,,,,,,,,,,
,,,,,,,,,,,,,,,,,,,
,,,,,,,,,,,,,,,,,,,
