current_parent_name,pen_total,num_recs,rank,ownership,curr_ticker,curr_cik,curr_ISIN,hq_country,hq_state,industry,major_industry,viol_parent_url,sub_parent_url
1-800-Flowers.com,14150,2,3092,publicly traded,FLWS,1084869,US68243Q1067,USA,New York,retail-internet flowers,retailing,https://violationtracker.goodjobsfirst.org/parent/1-800-flowerscom,https://subsidytracker.goodjobsfirst.org/parent/1-800-flowerscom
1st Financial Bank USA,10183142,3,1165,privately held,,,,USA,South Dakota,banking,financial services,https://violationtracker.goodjobsfirst.org/parent/1st-financial-bank-usa,https://subsidytracker.goodjobsfirst.org/parent/1st-financial-bank-usa
24 Hour Fitness,56835310,8,605,privately held,,,,USA,California,fitness centers,miscellaneous services,https://violationtracker.goodjobsfirst.org/parent/24-hour-fitness,https://subsidytracker.goodjobsfirst.org/parent/24-hour-fitness
3D Systems,176637,4,2641,publicly traded,DDD,910638,US88554D2053,USA,South Carolina,3-D printers,miscellaneous manufacturing,https://violationtracker.goodjobsfirst.org/parent/3d-systems,https://subsidytracker.goodjobsfirst.org/parent/3d-systems
3M Company,1049323583,113,96,publicly traded,MMM,66740,US88579Y1010,USA,Minnesota,diversified,miscellaneous manufacturing,https://violationtracker.goodjobsfirst.org/parent/3m-company,https://subsidytracker.goodjobsfirst.org/parent/3m-company
7 Day Furniture,17102,3,3070,privately held,,,,USA,Nebraska,retail-furniture,retailing,https://violationtracker.goodjobsfirst.org/parent/7-day-furniture,https://subsidytracker.goodjobsfirst.org/parent/7-day-furniture
84 Lumber,402889,39,2406,privately held,,,,USA,Pennsylvania,retail-building materials,retailing,https://violationtracker.goodjobsfirst.org/parent/84-lumber,https://subsidytracker.goodjobsfirst.org/parent/84-lumber
A.M. Castle & Co.,951472,11,2059,publicly traded,CTAM,18172,US1484114087,USA,Illinois,metals service centers,metals,https://violationtracker.goodjobsfirst.org/parent/am-castle-and-co,https://subsidytracker.goodjobsfirst.org/parent/am-castle-and-co
A.O. Smith Corp.,78961,9,2853,publicly traded,AOS,91142,US8318652091,USA,Wisconsin,heating equipment,miscellaneous manufacturing,https://violationtracker.goodjobsfirst.org/parent/ao-smith-corp,https://subsidytracker.goodjobsfirst.org/parent/ao-smith-corp
AA Rite-Way Roofing,57340,4,2912,privately held,,,,USA,Oregon,roofing contractor,construction and engineering,https://violationtracker.goodjobsfirst.org/parent/aa-rite-way-roofing,
AAC Holdings,79211,3,2852,publicly traded,AACH,1606180,US0003071083,USA,Tennessee,substance abuse services,healthcare services,https://violationtracker.goodjobsfirst.org/parent/aac-holdings,
AAON Inc.,80397,6,2848,publicly traded,AAON,824142,US0003602069,USA,Oklahoma,HVAC equipment,miscellaneous manufacturing,https://violationtracker.goodjobsfirst.org/parent/aaon-inc,https://subsidytracker.goodjobsfirst.org/parent/aaon-inc
AAR Corp.,14058944,39,1054,publicly traded,AIR,1750,US0003611052,USA,Illinois,aerospace & military contracting,aerospace and military contracting,https://violationtracker.goodjobsfirst.org/parent/aar-corp,https://subsidytracker.goodjobsfirst.org/parent/aar-corp
Aaron's,41391620,11,684,publicly traded,AAN,706688,US00258W1080,USA,Georgia,retail,retailing,https://violationtracker.goodjobsfirst.org/parent/aarons,https://subsidytracker.goodjobsfirst.org/parent/aarons
ABB Ltd.,176854938,51,340,publicly traded,ABB,1091587,CH0012221716,Switzerland,,power systems,utilities and power generation,https://violationtracker.goodjobsfirst.org/parent/abb-ltd,https://subsidytracker.goodjobsfirst.org/parent/abb-ltd
Abbott Laboratories,785277929,27,120,publicly traded,ABT,1800,US0028241000,USA,Illinois,pharmaceuticals,pharmaceuticals,https://violationtracker.goodjobsfirst.org/parent/abbott-laboratories,https://subsidytracker.goodjobsfirst.org/parent/abbott-laboratories
AbbVie,5870489112,50,29,publicly traded,ABBV,1551152,US00287Y1091,USA,Illinois,pharmaceuticals,pharmaceuticals,https://violationtracker.goodjobsfirst.org/parent/abbvie,https://subsidytracker.goodjobsfirst.org/parent/abbvie
Abbyland Foods,941478,15,2063,privately held,,,,USA,Wisconsin,food products,food products,https://violationtracker.goodjobsfirst.org/parent/abbyland-foods,
ABC Supply,513254,28,2312,privately held,,,,USA,Wisconsin,wholesalers-construction materials,wholesalers,https://violationtracker.goodjobsfirst.org/parent/abc-supply,https://subsidytracker.goodjobsfirst.org/parent/abc-supply
Abengoa,247680,13,2557,publicly traded,,,ES0105200002,Spain,,diversified,diversified,https://violationtracker.goodjobsfirst.org/parent/abengoa,https://subsidytracker.goodjobsfirst.org/parent/abengoa
Abercrombie & Fitch,135650895,23,386,publicly traded,ANF,1018840,US0028962076,USA,Ohio,retail-apparel,retailing,https://violationtracker.goodjobsfirst.org/parent/abercrombie-and-fitch,https://subsidytracker.goodjobsfirst.org/parent/abercrombie-and-fitch
Aberdeen Flying Service,54180,3,2919,privately held,,,,USA,South Dakota,passenger air carriers,airlines,https://violationtracker.goodjobsfirst.org/parent/aberdeen-flying-service,
Koch Industries,935266865,436,103,privately held,,,,USA,Kansas,diversified,diversified,https://violationtracker.goodjobsfirst.org/parent/koch-industries,https://subsidytracker.goodjobsfirst.org/parent/koch-industries
Kohl's,12586615,27,1091,publicly traded,KSS,885639,US5002551043,USA,Wisconsin,retail-department stores,retailing,https://violationtracker.goodjobsfirst.org/parent/kohls,https://subsidytracker.goodjobsfirst.org/parent/kohls
Kohler,46459128,23,647,privately held,,,,USA,Wisconsin,building materials,building materials,https://violationtracker.goodjobsfirst.org/parent/kohler,https://subsidytracker.goodjobsfirst.org/parent/kohler
Koito Manufacturing,56600000,1,606,publicly traded,,,JP3284600008,Japan,,automotive parts,automotive parts,https://violationtracker.goodjobsfirst.org/parent/koito-manufacturing,
Kolon Industries,360000000,1,220,publicly traded,,,KR7120110002,South Korea,,chemicals,chemicals,https://violationtracker.goodjobsfirst.org/parent/kolon-industries,
Komatsu,3175348,19,1595,publicly traded,,,JP3304200003,Japan,,construction equipment,heavy equipment,https://violationtracker.goodjobsfirst.org/parent/komatsu,https://subsidytracker.goodjobsfirst.org/parent/komatsu
Kone,441402,15,2370,publicly traded,,,FI0009013403,Finland,,construction & engineering,construction and engineering,https://violationtracker.goodjobsfirst.org/parent/kone,https://subsidytracker.goodjobsfirst.org/parent/kone
Konica Minolta,4856959,3,1440,publicly traded,,,JP3300600008,Japan,,imaging products,electrical and electronic equipment,https://violationtracker.goodjobsfirst.org/parent/konica-minolta,https://subsidytracker.goodjobsfirst.org/parent/konica-minolta
Koo's Shipping Company,1000000,1,2043,privately held,,,,Taiwan,,ocean shipping,freight and logistics,https://violationtracker.goodjobsfirst.org/parent/koos-shipping-company,
Kopin Corp.,47073,1,2944,publicly traded,KOPN,771266,US5006001011,USA,Massachusetts,wearable technologies,electrical and electronic equipment,https://violationtracker.goodjobsfirst.org/parent/kopin-corp,https://subsidytracker.goodjobsfirst.org/parent/kopin-corp
Koppers,12284934,89,1100,publicly traded,KOP,1315257,US50060P1066,USA,Pennsylvania,chemicals,chemicals,https://violationtracker.goodjobsfirst.org/parent/koppers,https://subsidytracker.goodjobsfirst.org/parent/koppers
KPC Healthcare,14506125,2,1037,privately held,,,,USA,California,hospitals,healthcare services,https://violationtracker.goodjobsfirst.org/parent/kpc-healthcare,https://subsidytracker.goodjobsfirst.org/parent/kpc-healthcare
KPMG,570224642,22,161,privately held,,,,Netherlands,,accounting services,business services,https://violationtracker.goodjobsfirst.org/parent/kpmg,https://subsidytracker.goodjobsfirst.org/parent/kpmg
KPS Capital Partners,28482931,112,787,privately held,,,,USA,New York,private equity (including portfolio companies),private equity (including portfolio companies),https://violationtracker.goodjobsfirst.org/parent/kps-capital-partners,https://subsidytracker.goodjobsfirst.org/parent/kps-capital-partners-lp
Kraft Heinz,107733094,92,439,publicly traded,KHC,1637459,US5007541064,USA,Illinois,food products,food products,https://violationtracker.goodjobsfirst.org/parent/kraft-heinz,https://subsidytracker.goodjobsfirst.org/parent/kraft-heinz
Kratos Defense & Security Solutions,18380,1,3064,publicly traded,KTOS,1069258,US50077B2079,USA,California,aerospace & military contracting,aerospace and military contracting,https://violationtracker.goodjobsfirst.org/parent/kratos-defense-and-security-solutions,
Krispy Kreme Inc.,5919689,12,1360,publicly traded,DNUT,1857154,US50101L1061,USA,North Carolina,doughnut shops,retailing,https://violationtracker.goodjobsfirst.org/parent/krispy-kreme-inc,
Kroger,120911308,242,419,publicly traded,KR,56873,US5010441013,USA,Ohio,retail-supermarkets,retailing,https://violationtracker.goodjobsfirst.org/parent/kroger,https://subsidytracker.goodjobsfirst.org/parent/kroger
Kronospan,17665577,18,960,privately held,,,,Germany,,flooring products,building materials,https://violationtracker.goodjobsfirst.org/parent/kronospan,https://subsidytracker.goodjobsfirst.org/parent/kronospan
Kroy Corp.,1396160,1,1918,privately held,,,,USA,Ohio,labeling systems,miscellaneous manufacturing,https://violationtracker.goodjobsfirst.org/parent/kroy-corp,
Kubota,127348,10,2746,publicly traded,,,JP3266400005,Japan,,heavy equipment,heavy equipment,https://violationtracker.goodjobsfirst.org/parent/kubota,https://subsidytracker.goodjobsfirst.org/parent/kubota
Kuehne & Nagel,10041722,8,1170,publicly traded,,,CH0025238863,Switzerland,,logistics,freight and logistics,https://violationtracker.goodjobsfirst.org/parent/kuehne-and-nagel,https://subsidytracker.goodjobsfirst.org/parent/kuehne-and-nagel
Kuehne Chemical,511052,12,2314,privately held,,,,USA,New Jersey,chemicals,chemicals,https://violationtracker.goodjobsfirst.org/parent/kuehne-chemical,https://subsidytracker.goodjobsfirst.org/parent/kuehne-chemical
Kum & Go,61275,5,2901,privately held,,,,USA,Iowa,retail-convenience stores,retailing,https://violationtracker.goodjobsfirst.org/parent/kum-and-go,https://subsidytracker.goodjobsfirst.org/parent/kum-and-go
Kuraray,2643515,35,1676,publicly traded,,,JP3269600007,Japan,,activated carbon,chemicals,https://violationtracker.goodjobsfirst.org/parent/kuraray,https://subsidytracker.goodjobsfirst.org/parent/kuraray
Kyocera,366525230,11,216,publicly traded,,,JP3249600002,Japan,,electronic equipment,electrical and electronic equipment,https://violationtracker.goodjobsfirst.org/parent/kyocera,https://subsidytracker.goodjobsfirst.org/parent/kyocera
L Catterton,1255667,11,1961,privately held,,,,USA,Connecticut,private equity (including portfolio companies),private equity (including portfolio companies),https://violationtracker.goodjobsfirst.org/parent/l-catterton,https://subsidytracker.goodjobsfirst.org/parent/l-catterton
L'Oreal,36000,2,2987,publicly traded,,,FR0000120321,France,,cosmetics,household and personal care products,https://violationtracker.goodjobsfirst.org/parent/loreal,https://subsidytracker.goodjobsfirst.org/parent/loreal
L.B. Foster Co.,41239,4,2966,publicly traded,FSTR,352825,US3500601097,USA,Pennsylvania,industrial equipment,miscellaneous manufacturing,https://violationtracker.goodjobsfirst.org/parent/lb-foster-co,https://subsidytracker.goodjobsfirst.org/parent/lb-foster-co
L.L. Bean,970803,3,2053,privately held,,,,USA,Maine,retail-apparel,retailing,https://violationtracker.goodjobsfirst.org/parent/ll-bean,https://subsidytracker.goodjobsfirst.org/parent/ll-bean
L.S. Starrett Co.,49682,5,2935,publicly traded,NYSE: SCX,93676,US8556681091,USA,Massachusetts,industrial equipment,industrial equipment,https://violationtracker.goodjobsfirst.org/parent/ls-starrett-co,
L3Harris Technologies,152127922,77,364,publicly traded,LHX,202058,US5024311095,USA,Florida,aerospace & military contracting,aerospace and military contracting,https://violationtracker.goodjobsfirst.org/parent/l3harris-technologies,https://subsidytracker.goodjobsfirst.org/parent/l3harris-technologies
La-Z-Boy,309305,13,2490,publicly traded,LZB,57131,US5053361078,USA,Michigan,furniture,housewares and home furnishings,https://violationtracker.goodjobsfirst.org/parent/la-z-boy,https://subsidytracker.goodjobsfirst.org/parent/la-z-boy
Laboratory Corp. of America,11180793,34,1128,publicly traded,LH,920148,US50540R4092,USA,North Carolina,healthcare services,healthcare services,https://violationtracker.goodjobsfirst.org/parent/laboratory-corp-of-america,https://subsidytracker.goodjobsfirst.org/parent/laboratory-corp-of-america
Lactalis,1261180,26,1958,privately held,,,,France,,dairy products,food products,https://violationtracker.goodjobsfirst.org/parent/lactalis,https://subsidytracker.goodjobsfirst.org/parent/lactalis
Lake Area Corn Processors,81400,3,2845,privately held,,,,USA,South Dakota,ethanol,miscellaneous energy products and systems,https://violationtracker.goodjobsfirst.org/parent/lake-area-corn-processors,
Lakeland Regional Medical Center,1676923,2,1844,non-profit,,,,USA,Florida,hospitals,healthcare services,https://violationtracker.goodjobsfirst.org/parent/lakeland-regional-medical-center,
Lam Research,1845500,3,1813,publicly traded,LRCX,707549,US5128071082,USA,California,semiconductor equipment,electrical and electronic equipment,https://violationtracker.goodjobsfirst.org/parent/lam-research,https://subsidytracker.goodjobsfirst.org/parent/lam-research
Lamar Advertising,25000,1,3025,publicly traded,LAMR,1090425,US5128161099,USA,Louisiana,outdoor advertising,miscellaneous services,https://violationtracker.goodjobsfirst.org/parent/lamar-advertising,https://subsidytracker.goodjobsfirst.org/parent/lamar-advertising
Lamb Weston Holdings,247631,15,2558,publicly traded,LW,1679273,US5132721045,USA,Idaho,food products,food products,https://violationtracker.goodjobsfirst.org/parent/lamb-weston-holdings,https://subsidytracker.goodjobsfirst.org/parent/lamb-weston-holdings
Lamberti,460081,8,2353,privately held,,,,Italy,,chemicals,chemicals,https://violationtracker.goodjobsfirst.org/parent/lamberti,https://subsidytracker.goodjobsfirst.org/parent/lamberti
Lancaster Colony,527384,21,2299,publicly traded,LANC,57515,US5138471033,USA,Ohio,food products,food products,https://violationtracker.goodjobsfirst.org/parent/lancaster-colony,https://subsidytracker.goodjobsfirst.org/parent/lancaster-colony
Land O'Lakes,944453,50,2062,cooperative,,,,USA,Minnesota,food products,food products,https://violationtracker.goodjobsfirst.org/parent/land-olakes,https://subsidytracker.goodjobsfirst.org/parent/land-olakes
Landmark Services Cooperative,608833,6,2244,cooperative,,,,USA,Wisconsin,agricultural cooperative,agribusiness,https://violationtracker.goodjobsfirst.org/parent/landmark-services-cooperative,
Landry's,20537285,27,896,privately held,,,,USA,Texas,restaurants,restaurants and foodservice,https://violationtracker.goodjobsfirst.org/parent/landrys,https://subsidytracker.goodjobsfirst.org/parent/landrys
Lannett Co.,312498,4,2487,publicly traded,LCI,57725,US5160121019,USA,Pennsylvania,pharmaceuticals,pharmaceuticals,https://violationtracker.goodjobsfirst.org/parent/lannett-co,https://subsidytracker.goodjobsfirst.org/parent/lannett-co
Lanxess,91114716,94,489,publicly traded,,,DE0005470405,Germany,,chemicals,chemicals,https://violationtracker.goodjobsfirst.org/parent/lanxess,https://subsidytracker.goodjobsfirst.org/parent/lanxess
Laredo Petroleum,260352,6,2544,publicly traded,LPI,1528129,US5168062058,USA,Oklahoma,oil & gas,oil and gas,https://violationtracker.goodjobsfirst.org/parent/laredo-petroleum,https://subsidytracker.goodjobsfirst.org/parent/laredo-petroleum
Las Vegas Sands Corp.,63397673,4,579,publicly traded,LVS,1300514,US5178341070,USA,Nevada,casinos,entertainment,https://violationtracker.goodjobsfirst.org/parent/las-vegas-sands-corp,
Las Vegas Urology,1000000,1,2043,privately held,,,,USA,Nevada,healthcare services,healthcare services,https://violationtracker.goodjobsfirst.org/parent/las-vegas-urology,
LATAM Airlines Group,131914708,15,393,publicly traded,LTMAQ,1047716,CL0000000423,Chile,,airlines,airlines,https://violationtracker.goodjobsfirst.org/parent/latam-airlines-group,
Lattice Semiconductor,560000,1,2275,publicly traded,LSCC,855658,US5184151042,USA,Oregon,semiconductors,electrical and electronic equipment,https://violationtracker.goodjobsfirst.org/parent/lattice-semiconductor,
Lawrence Livermore National Security LLC,3774233,5,1535,"joint venture (owned by Bechtel, University of California, Babcock and Wilcox, URS, and Battelle)",,,,USA,California,outsourced government services,miscellaneous services,https://violationtracker.goodjobsfirst.org/parent/lawrence-livermore-national-security-llc,https://subsidytracker.goodjobsfirst.org/parent/lawrence-livermore-national-security-llc
LCI Industries,798696,38,2134,publicly traded,LCII,763744,US50189K1034,USA,Indiana,motor vehicle components,automotive parts,https://violationtracker.goodjobsfirst.org/parent/lci-industries,https://subsidytracker.goodjobsfirst.org/parent/lci-industries
LCMC Health,5490679,5,1392,non-profit,,,,USA,Louisiana,hospitals,healthcare services,https://violationtracker.goodjobsfirst.org/parent/lcmc-health,
Lear Corp.,5842454,35,1367,publicly traded,LEA,842162,US5218652049,USA,Michigan,automotive parts,automotive parts,https://violationtracker.goodjobsfirst.org/parent/lear-corp,https://subsidytracker.goodjobsfirst.org/parent/lear-corp
LECOM Health,2460500,2,1707,privately held,,,,USA,Pennsylvania,healthcare services,healthcare services,https://violationtracker.goodjobsfirst.org/parent/lecom-health,
Lee Enterprises,3318698,14,1577,publicly traded,LEE,58361,US5237684064,USA,Iowa,media,media,https://violationtracker.goodjobsfirst.org/parent/lee-enterprises,https://subsidytracker.goodjobsfirst.org/parent/lee-enterprises
Lee Health,232850,2,2571,non-profit,,,,USA,Florida,hospitals,healthcare services,https://violationtracker.goodjobsfirst.org/parent/lee-health,
Left Fork Mining,1824712,88,1823,privately held,,,,USA,Kentucky,coal mining,mining and minerals,https://violationtracker.goodjobsfirst.org/parent/left-fork-mining,
Legacy Health,515582,5,2310,non-profit,,,,USA,Oregon,hospitals,healthcare services,https://violationtracker.goodjobsfirst.org/parent/legacy-health,
Legal & General Group PLC,9944200,7,1179,publicly traded,LSE: LGEN,,GB0005603997,United Kingdom,,asset management,financial services,https://violationtracker.goodjobsfirst.org/parent/legal-and-general-group-plc,
Legal Sea Foods,128183,6,2745,privately held,,,,USA,Massachusetts,restaurants,restaurants and foodservice,https://violationtracker.goodjobsfirst.org/parent/legal-sea-foods,
Leggett & Platt,771504,57,2148,publicly traded,LEG,58492,US5246601075,USA,Missouri,diversified,diversified,https://violationtracker.goodjobsfirst.org/parent/leggett-and-platt,https://subsidytracker.goodjobsfirst.org/parent/leggett-and-platt
Lehigh Valley Health Network,409979,3,2394,non-profit,,,,USA,Pennsylvania,hospitals,healthcare services,https://violationtracker.goodjobsfirst.org/parent/lehigh-valley-health-network,
Leidos,1928331,9,1796,publicly traded,LDOS,1336920,US5253271028,USA,Virginia,information technology,information technology,https://violationtracker.goodjobsfirst.org/parent/leidos,https://subsidytracker.goodjobsfirst.org/parent/leidos
LendingClub Corp.,29796000,12,772,publicly traded,LC,1409970,US52603A2087,USA,California,financial services,financial services,https://violationtracker.goodjobsfirst.org/parent/lendingclub-corp,https://subsidytracker.goodjobsfirst.org/parent/lendingclub-corp
LendingTree,3784000,8,1533,publicly traded,TREE,1434621,US52603B1070,USA,North Carolina,online loans,financial services,https://violationtracker.goodjobsfirst.org/parent/lendingtree,https://subsidytracker.goodjobsfirst.org/parent/lendingtree
Lendlease Group,64610334,16,569,publicly traded,,,AU000000LLC3,Australia,,construction and engineering,construction and engineering,https://violationtracker.goodjobsfirst.org/parent/lendlease-group,
Lennar,24024453,57,850,publicly traded,LEN,920760,US5260571048,USA,Florida,homebuilding,construction and engineering,https://violationtracker.goodjobsfirst.org/parent/lennar,
Lennox International,677121,7,2203,publicly traded,LII,1069202,US5261071071,USA,Texas,heating & cooling equipment,miscellaneous manufacturing,https://violationtracker.goodjobsfirst.org/parent/lennox-international,https://subsidytracker.goodjobsfirst.org/parent/lennox-international
Lenovo,11107817,6,1133,publicly traded,,,HK0992009065,China,,computers,electrical and electronic equipment,https://violationtracker.goodjobsfirst.org/parent/lenovo,https://subsidytracker.goodjobsfirst.org/parent/lenovo
Leonard Green & Partners,14705547,46,1031,privately held,,,,USA,California,private equity (including portfolio companies),private equity (including portfolio companies),https://violationtracker.goodjobsfirst.org/parent/leonard-green-and-partners,https://subsidytracker.goodjobsfirst.org/parent/leonard-green-and-partners
Leonardo S.p.A.,14910989,13,1025,publicly traded,,,IT0003856405,Italy,,aerospace & military contracting,aerospace and military contracting,https://violationtracker.goodjobsfirst.org/parent/leonardo-spa,https://subsidytracker.goodjobsfirst.org/parent/leonardo-spa
Leprino Foods,1392930,27,1920,privately held,,,,USA,Colorado,food products,food products,https://violationtracker.goodjobsfirst.org/parent/leprino-foods,https://subsidytracker.goodjobsfirst.org/parent/leprino-foods
Les Schwab Tire Centers,2137587,14,1751,privately held,,,,USA,Oregon,retail-automobile tires,retailing,https://violationtracker.goodjobsfirst.org/parent/les-schwab-tire-centers,https://subsidytracker.goodjobsfirst.org/parent/les-schwab-tire-centers
Levi Strauss,1076889,6,2016,publicly traded,LEVI,94845,US52736R1023,USA,California,apparel,apparel,https://violationtracker.goodjobsfirst.org/parent/levi-strauss,https://subsidytracker.goodjobsfirst.org/parent/levi-strauss
Lexington Medical Center,17099447,2,973,non-profit,,,,USA,South Carolina,hospitals,healthcare services,https://violationtracker.goodjobsfirst.org/parent/lexington-medical-center,
Lexmark International,18000,1,3066,privately held,,,,USA,Kentucky,computer peripherals,electrical and electronic equipment,https://violationtracker.goodjobsfirst.org/parent/lexmark-international,https://subsidytracker.goodjobsfirst.org/parent/lexmark-international
LG,883236664,31,109,publicly traded,,,KR7066570003,South Korea,,diversified,diversified,https://violationtracker.goodjobsfirst.org/parent/lg,https://subsidytracker.goodjobsfirst.org/parent/lg
LHC Group,65101501,6,568,publicly traded,LHCG,1303313,US50187A1079,USA,Louisiana,healthcare services,healthcare services,https://violationtracker.goodjobsfirst.org/parent/lhc-group,https://subsidytracker.goodjobsfirst.org/parent/lhc-group
Lhoist Group,2531765,153,1696,privately held,,,,Belgium,,minerals,mining and minerals,https://violationtracker.goodjobsfirst.org/parent/lhoist-group,https://subsidytracker.goodjobsfirst.org/parent/lhoist-group
Libbey,130289,7,2738,privately held,,,,USA,Ohio,glass products,miscellaneous manufacturing,https://violationtracker.goodjobsfirst.org/parent/libbey,https://subsidytracker.goodjobsfirst.org/parent/libbey
Liberty Broadband,4576075,4,1457,publicly traded,LBRDA,1611983,US5303071071,USA,Colorado,telecommunications,telecommunications,https://violationtracker.goodjobsfirst.org/parent/liberty-broadband,
Liberty Media,5097350,2,1422,publicly traded,FWONA,1560385,US5312298707,USA,Colorado,media,media,https://violationtracker.goodjobsfirst.org/parent/liberty-media,https://subsidytracker.goodjobsfirst.org/parent/liberty-media
Liberty Mutual Insurance,49346158,167,636,mutual,,,,USA,Massachusetts,insurance,financial services,https://violationtracker.goodjobsfirst.org/parent/liberty-mutual-insurance,https://subsidytracker.goodjobsfirst.org/parent/liberty-mutual-insurance
Liebherr,9800,1,3122,privately held,,,,Switzerland,,construction equipment,heavy equipment,https://violationtracker.goodjobsfirst.org/parent/liebherr,https://subsidytracker.goodjobsfirst.org/parent/liebherr
Lieze Associates,659210,4,2213,privately held,,,,USA,New Jersey,recycling,waste management and environmental services,https://violationtracker.goodjobsfirst.org/parent/lieze-associates,
Lifan Group,643000,3,2223,privately held,,,,China,,motor vehicles,motor vehicles,https://violationtracker.goodjobsfirst.org/parent/lifan-group,
Life Care Centers of America,149833963,108,372,privately held,,,,USA,Tennessee,skilled nursing facilities,healthcare services,https://violationtracker.goodjobsfirst.org/parent/life-care-centers-of-america,
Lifespan Corporation,6590962,9,1311,non-profit,,,,USA,Rhode Island,hospitals,healthcare services,https://violationtracker.goodjobsfirst.org/parent/lifespan-corporation,
Light & Wonder Inc.,24977,3,3026,publicly traded,LNW,750004,US80874P1093,USA,Nevada,gambling systems,entertainment,https://violationtracker.goodjobsfirst.org/parent/light-and-wonder-inc,https://subsidytracker.goodjobsfirst.org/parent/scientific-games-corp
Lignetics,463683,19,2352,privately held,,,,USA,Colorado,biomass fuels,miscellaneous energy products and systems,https://violationtracker.goodjobsfirst.org/parent/lignetics,https://subsidytracker.goodjobsfirst.org/parent/lignetics
Lincoln Electric Holdings,1688115,15,1840,publicly traded,LECO,59527,US5339001068,USA,Ohio,industrial equipment,industrial equipment,https://violationtracker.goodjobsfirst.org/parent/lincoln-electric-holdings,https://subsidytracker.goodjobsfirst.org/parent/lincoln-electric-holdings
Lincoln National,71117109,36,546,publicly traded,LNC,59558,US5341871094,USA,Pennsylvania,financial services,financial services,https://violationtracker.goodjobsfirst.org/parent/lincoln-national,https://subsidytracker.goodjobsfirst.org/parent/lincoln-national
Linde,56480486,116,607,publicly traded,NYSE: LIN,1707925,DE0006483001,United Kingdom,,industrial gas,industrial services,https://violationtracker.goodjobsfirst.org/parent/linde,https://subsidytracker.goodjobsfirst.org/parent/linde
Linder Oil,835000,6,2112,privately held,,,,USA,Louisiana,oil & gas,oil and gas,https://violationtracker.goodjobsfirst.org/parent/linder-oil,
Lindsay Goldberg,1424218,62,1913,privately held,,,,USA,New York,private equity (including portfolio companies),private equity (including portfolio companies),https://violationtracker.goodjobsfirst.org/parent/lindsay-goldberg,https://subsidytracker.goodjobsfirst.org/parent/lindsay-goldberg
Lindt & Sprungli,4823969,22,1444,publicly traded,,,CH0010570759,Switzerland,,food products,food products,https://violationtracker.goodjobsfirst.org/parent/lindt-and-sprungli,https://subsidytracker.goodjobsfirst.org/parent/lindt-and-sprungli
Lineage Logistics,4379476,60,1472,privately held,,,,USA,California,logistics,freight and logistics,https://violationtracker.goodjobsfirst.org/parent/lineage-logistics,https://subsidytracker.goodjobsfirst.org/parent/lineage-logistics
Lion Elastomers,345603,13,2454,privately held,,,,USA,Louisiana,synthetic rubber,chemicals,https://violationtracker.goodjobsfirst.org/parent/lion-elastomers,https://subsidytracker.goodjobsfirst.org/parent/lion-elastomers
Lions Gate Entertainment,8853752,3,1209,publicly traded,LGF,929351,CA5359194019,USA,California,entertainment,entertainment,https://violationtracker.goodjobsfirst.org/parent/lions-gate-entertainment,https://subsidytracker.goodjobsfirst.org/parent/lions-gate-entertainment
Lipari Energy,230759,18,2576,privately held,,,,USA,Kentucky,coal mining,mining and minerals,https://violationtracker.goodjobsfirst.org/parent/lipari-energy,
Liquidity Services Inc.,27351,1,3012,publicly traded,LQDT,1235468,US53635B1070,USA,District of Columbia,online marketplace,miscellaneous services,https://violationtracker.goodjobsfirst.org/parent/liquidity-services-inc,https://subsidytracker.goodjobsfirst.org/parent/liquidity-services-inc
Lithia Motors,8254819,25,1231,publicly traded,LAD,1023128,US5367971034,USA,Oregon,retail-automotive,retailing,https://violationtracker.goodjobsfirst.org/parent/lithia-motors,https://subsidytracker.goodjobsfirst.org/parent/lithia-motors
Littelfuse Inc.,406100,3,2400,publicly traded,LFUS,889331,US5370081045,USA,Illinois,circuit protection products,electrical and electronic equipment,https://violationtracker.goodjobsfirst.org/parent/littelfuse-inc,https://subsidytracker.goodjobsfirst.org/parent/littelfuse-inc
Littlejohn & Co.,2075983,51,1765,privately held,,,,USA,Connecticut,private equity (including portfolio companies),private equity (including portfolio companies),https://violationtracker.goodjobsfirst.org/parent/littlejohn-and-co,https://subsidytracker.goodjobsfirst.org/parent/littlejohn-and-co
Live Nation Entertainment,83563710,18,509,publicly traded,LYV,1335258,US5380341090,USA,California,entertainment,entertainment,https://violationtracker.goodjobsfirst.org/parent/live-nation-entertainment,https://subsidytracker.goodjobsfirst.org/parent/live-nation-entertainment
LKQ,4305539,52,1475,publicly traded,LKQ,1065696,US5018892084,USA,Illinois,wholesalers-auto parts,wholesalers,https://violationtracker.goodjobsfirst.org/parent/lkq,https://subsidytracker.goodjobsfirst.org/parent/lkq
LL Flooring Holdings,126386740,11,405,publicly traded,LL,1396033,US55003T1079,USA,Virginia,flooring,housewares and home furnishings,https://violationtracker.goodjobsfirst.org/parent/ll-flooring-holdings,https://subsidytracker.goodjobsfirst.org/parent/lumber-liquidators-inc
Lloyd Industries,1469755,8,1901,privately held,,,,USA,Pennsylvania,fire safety products,miscellaneous manufacturing,https://violationtracker.goodjobsfirst.org/parent/lloyd-industries,https://subsidytracker.goodjobsfirst.org/parent/lloyd-industries
Lloyds Banking Group,541000000,4,172,publicly traded,LSE: LLOY,,GB0008706128,United Kingdom,,banking,financial services,https://violationtracker.goodjobsfirst.org/parent/lloyds-banking-group,https://subsidytracker.goodjobsfirst.org/parent/lloyds-banking-group
Lockheed Martin,234148721,96,286,publicly traded,LMT,936468,US5398301094,USA,Maryland,aerospace & military contracting,aerospace and military contracting,https://violationtracker.goodjobsfirst.org/parent/lockheed-martin,https://subsidytracker.goodjobsfirst.org/parent/lockheed-martin
Loews Corp.,71688710,106,544,publicly traded,L,60086,US5404241086,USA,New York,diversified,diversified,https://violationtracker.goodjobsfirst.org/parent/loews-corp,https://subsidytracker.goodjobsfirst.org/parent/loews-corp
Logan Health,24107697,4,848,non-profit,,,,USA,Montana,hospitals,healthcare services,https://violationtracker.goodjobsfirst.org/parent/logan-health,
Logitech International,7761000,2,1250,publicly traded,,,CH0025751329,Switzerland,,electronic equipment,electrical and electronic equipment,https://violationtracker.goodjobsfirst.org/parent/logitech-international,https://subsidytracker.goodjobsfirst.org/parent/logitech-international
Loncin Holdings,680000,2,2202,privately held,,,,China,,motor vehicles,motor vehicles,https://violationtracker.goodjobsfirst.org/parent/loncin-holdings,
Lone Star Funds,7823918,15,1249,privately held,,,,USA,Texas,private equity (including portfolio companies),private equity (including portfolio companies),https://violationtracker.goodjobsfirst.org/parent/lone-star-funds,https://subsidytracker.goodjobsfirst.org/parent/lone-star-funds
Long Island Community Hospital,2920000,1,1629,non-profit,,,,USA,New York,hospitals,healthcare services,https://violationtracker.goodjobsfirst.org/parent/long-island-community-hospital,
Lonza,4051831,20,1504,publicly traded,,,CH0013841017,Switzerland,,chemicals,chemicals,https://violationtracker.goodjobsfirst.org/parent/lonza,https://subsidytracker.goodjobsfirst.org/parent/lonza
Loomis,380221,26,2431,publicly traded,,,SE0014504817,Sweden,,security services,miscellaneous services,https://violationtracker.goodjobsfirst.org/parent/loomis,
Los Alamos National Security LLC,1378750,6,1923,"joint venture (owned by the University of California, Bechtel, BWXT and URS)",,,,USA,New Mexico,outsourced government services,miscellaneous services,https://violationtracker.goodjobsfirst.org/parent/los-alamos-national-security-llc,https://subsidytracker.goodjobsfirst.org/parent/los-alamos-national-security-llc
Lotte Chemical,7500,1,3134,publicly traded,,,KR7011170008,South Korea,,chemicals,chemicals,https://violationtracker.goodjobsfirst.org/parent/lotte-chemical,https://subsidytracker.goodjobsfirst.org/parent/lotte-chemical
Lou's Fish Market Inc.,1542000,2,1884,privately held,,,,USA,New York,food products,food products,https://violationtracker.goodjobsfirst.org/parent/lous-fish-market-inc,https://subsidytracker.goodjobsfirst.org/parent/lous-fish-market-inc
Louis Dreyfus,24209716,29,846,privately held,,,,France,,commodities brokerage,financial services,https://violationtracker.goodjobsfirst.org/parent/louis-dreyfus,https://subsidytracker.goodjobsfirst.org/parent/louis-dreyfus
Louisiana-Pacific Corp.,342382,21,2456,publicly traded,LPX,60519,US5463471053,USA,Tennessee,building materials,building materials,https://violationtracker.goodjobsfirst.org/parent/louisiana-pacific-corp,https://subsidytracker.goodjobsfirst.org/parent/louisiana-pacific-corp
Lounia Shipping,750000,2,2159,privately held,,,,Cyprus,,ocean shipping,freight and logistics,https://violationtracker.goodjobsfirst.org/parent/lounia-shipping,
Love's Travel Stops & Country Stores,3243067,19,1589,privately held,,,,USA,Oklahoma,retail-convenience stores,retailing,https://violationtracker.goodjobsfirst.org/parent/loves-travel-stops-and-country-stores,https://subsidytracker.goodjobsfirst.org/parent/loves-travel-stops-and-country-stores
Lowe's,113733795,181,427,publicly traded,LOW,60667,US5486611073,USA,North Carolina,retail-home improvement,retailing,https://violationtracker.goodjobsfirst.org/parent/lowes,https://subsidytracker.goodjobsfirst.org/parent/lowes
LPL Financial,113654510,47,428,publicly traded,LPLA,1397911,US50212V1008,USA,California,investment advisory services,financial services,https://violationtracker.goodjobsfirst.org/parent/lpl-financial,https://subsidytracker.goodjobsfirst.org/parent/lpl-financial
LSB Industries,1665759,38,1847,publicly traded,LXU,60714,US5021601043,USA,Oklahoma,chemicals,chemicals,https://violationtracker.goodjobsfirst.org/parent/lsb-industries,https://subsidytracker.goodjobsfirst.org/parent/lsb-industries
LSI industries,27815,3,3010,publicly traded,LYTS,763532,US50216C1080,USA,Ohio,lighting products,miscellaneous manufacturing,https://violationtracker.goodjobsfirst.org/parent/lsi-industries,https://subsidytracker.goodjobsfirst.org/parent/lsi-industries
LT Corp.,3910600,3,1517,privately held,,,,USA,Mississippi,propane tank manufacturing,miscellaneous manufacturing,https://violationtracker.goodjobsfirst.org/parent/lt-corp,
Luby's Inc.,647087,5,2220,privately held,,,,USA,Texas,restaurants,restaurants and foodservice,https://violationtracker.goodjobsfirst.org/parent/lubys-inc,https://subsidytracker.goodjobsfirst.org/parent/lubys-inc
Lufthansa,135166252,42,387,publicly traded,,,DE0008232125,Germany,,airlines,airlines,https://violationtracker.goodjobsfirst.org/parent/lufthansa,https://subsidytracker.goodjobsfirst.org/parent/lufthansa
Lukoil,587922,9,2259,publicly traded,,,RU0009024277,Russia,,oil & gas,oil and gas,https://violationtracker.goodjobsfirst.org/parent/lukoil,https://subsidytracker.goodjobsfirst.org/parent/lukoil
Lululemon Athletica,950000,2,2061,publicly traded,LULU,1397187,US5500211090,Canada,,apparel,apparel,https://violationtracker.goodjobsfirst.org/parent/lululemon-athletica,https://subsidytracker.goodjobsfirst.org/parent/lululemon-athletica
Lumen Technologies,487920384,98,188,publicly traded,LUMN,18926,US5502411037,USA,Louisiana,telecommunications,telecommunications,https://violationtracker.goodjobsfirst.org/parent/lumen-technologies,https://subsidytracker.goodjobsfirst.org/parent/lumen-technologies
Luminis Health,3227000,4,1591,non-profit,,,,USA,Maryland,healthcare services,healthcare services,https://violationtracker.goodjobsfirst.org/parent/luminis-health,
Lundbeck,52600000,1,623,publicly traded,,,DK0010287234,Denmark,,pharmaceuticals,pharmaceuticals,https://violationtracker.goodjobsfirst.org/parent/lundbeck,https://subsidytracker.goodjobsfirst.org/parent/lundbeck
Luxfer Holdings,151531,8,2692,publicly traded,NYSE: LXFR,,GB00BNK03D49,United Kingdom,,industrial equipment,industrial equipment,https://violationtracker.goodjobsfirst.org/parent/luxfer-holdings,https://subsidytracker.goodjobsfirst.org/parent/luxfer-holdings
LVMH,10305830,12,1162,publicly traded,,,FR0000121014,France,,luxury goods,apparel,https://violationtracker.goodjobsfirst.org/parent/lvmh,https://subsidytracker.goodjobsfirst.org/parent/lvmh
Lydall,13300,1,3097,publicly traded,LDL,60977,US5508191062,USA,Connecticut,filtration products,industrial equipment,https://violationtracker.goodjobsfirst.org/parent/lydall,https://subsidytracker.goodjobsfirst.org/parent/lydall
Lyft Inc.,29540000,5,774,privately held,,,,USA,California,transportation services,miscellaneous services,https://violationtracker.goodjobsfirst.org/parent/lyft-inc,https://subsidytracker.goodjobsfirst.org/parent/lyft-inc
LyondellBasell Industries,368758762,246,214,publicly traded,LYB,1489393,NL0009434992,Netherlands,,chemicals,chemicals,https://violationtracker.goodjobsfirst.org/parent/lyondellbasell-industries,https://subsidytracker.goodjobsfirst.org/parent/lyondellbasell-industries
M&T Bank,249564250,18,273,publicly traded,MTB,36270,US55261F1049,USA,New York,banking,financial services,https://violationtracker.goodjobsfirst.org/parent/m-and-t-bank,https://subsidytracker.goodjobsfirst.org/parent/m-and-t-bank
M.A. Mortenson,92541,6,2820,privately held,,,,USA,Minnesota,construction,construction and engineering,https://violationtracker.goodjobsfirst.org/parent/ma-mortenson,
M.D.C. Holdings,1880030,26,1804,publicly traded,MDC,773141,US5526761086,USA,Colorado,homebuilding,construction and engineering,https://violationtracker.goodjobsfirst.org/parent/mdc-holdings,
Ma Labs,100265,4,2804,privately held,,,,USA,California,distributor of information technology equipment,wholesalers,https://violationtracker.goodjobsfirst.org/parent/ma-labs,
MacAndrews & Forbes,2568180,12,1688,privately held,,,,USA,New York,diversified,diversified,https://violationtracker.goodjobsfirst.org/parent/macandrews-and-forbes,https://subsidytracker.goodjobsfirst.org/parent/macandrews-and-forbes
Macerich,2200000,1,1746,publicly traded,MAC,912242,US5543821012,USA,California,real estate,real estate,https://violationtracker.goodjobsfirst.org/parent/macerich,https://subsidytracker.goodjobsfirst.org/parent/macerich
MACOM Technology Solutions,10001,1,3120,publicly traded,MTSI,1493594,US55405Y1001,USA,Massachusetts,semiconductors,electrical and electronic equipment,https://violationtracker.goodjobsfirst.org/parent/macom-technology-solutions,https://subsidytracker.goodjobsfirst.org/parent/macom-technology-solutions
Macquarie,414906140,81,202,publicly traded,MIC,1289790,AU000000MQG1,Australia,,financial services,financial services,https://violationtracker.goodjobsfirst.org/parent/macquarie,https://subsidytracker.goodjobsfirst.org/parent/macquarie
Macy's,28931420,81,778,publicly traded,M,794367,US55616P1049,USA,Ohio,retail-department stores,retailing,https://violationtracker.goodjobsfirst.org/parent/macys,https://subsidytracker.goodjobsfirst.org/parent/macys
Madison Industries,1382105,26,1922,privately held,,,,USA,Illinois,diversified,diversified,https://violationtracker.goodjobsfirst.org/parent/madison-industries,
Madison Square Garden Co.,2633608,4,1679,publicly traded,MSG,1636519,US55826T1025,USA,New York,entertainment,entertainment,https://violationtracker.goodjobsfirst.org/parent/madison-square-garden-co,
Maersk,44459939,27,662,publicly traded,,,DK0010244425,Denmark,,ocean shipping,freight and logistics,https://violationtracker.goodjobsfirst.org/parent/maersk,https://subsidytracker.goodjobsfirst.org/parent/maersk
Magellan Midstream Partners,33421690,61,732,publicly traded,MMP,1126975,US5590801065,USA,Oklahoma,oil & gas,oil and gas,https://violationtracker.goodjobsfirst.org/parent/magellan-midstream-partners,https://subsidytracker.goodjobsfirst.org/parent/magellan-midstream-partners
Magna International,181457,7,2633,publicly traded,MGA,749098,CA5592224011,Canada,,automotive parts,automotive parts,https://violationtracker.goodjobsfirst.org/parent/magna-international,https://subsidytracker.goodjobsfirst.org/parent/magna-international
Mahle,3527182,22,1556,privately held,,,,Germany,,automotive parts,automotive parts,https://violationtracker.goodjobsfirst.org/parent/mahle,https://subsidytracker.goodjobsfirst.org/parent/mahle
Maimonides Medical Center,354369,4,2445,non-profit,,,,USA,New York,hospitals,healthcare services,https://violationtracker.goodjobsfirst.org/parent/maimonides-medical-center,
Main Line Health,1030540,1,2026,non-profit,,,,USA,Pennsylvania,hospitals,healthcare services,https://violationtracker.goodjobsfirst.org/parent/main-line-health,
Malibu Boats,43975,2,2953,publicly traded,MBUU,1590976,US56117J1007,USA,Tennessee,sport boats,miscellaneous manufacturing,https://violationtracker.goodjobsfirst.org/parent/malibu-boats,https://subsidytracker.goodjobsfirst.org/parent/malibu-boats
Mallinckrodt,2015367478,21,48,publicly traded,MNK,1567892,IE00BBGT3753,Ireland,,pharmaceuticals,pharmaceuticals,https://violationtracker.goodjobsfirst.org/parent/mallinckrodt,https://subsidytracker.goodjobsfirst.org/parent/mallinckrodt
Management & Training Corporation,33505146,23,731,privately held,,,,USA,Utah,private prisons,miscellaneous services,https://violationtracker.goodjobsfirst.org/parent/management-and-training-corporation,https://subsidytracker.goodjobsfirst.org/parent/management-and-training-corporation
Manitowoc,42000,1,2962,publicly traded,MTW,61986,US5635714059,USA,Wisconsin,construction equipment,heavy equipment,https://violationtracker.goodjobsfirst.org/parent/manitowoc,https://subsidytracker.goodjobsfirst.org/parent/manitowoc
Mann+Hummel,17400,2,3068,privately held,,,,Germany,,filtration products,miscellaneous manufacturing,https://violationtracker.goodjobsfirst.org/parent/mannhummel,https://subsidytracker.goodjobsfirst.org/parent/mannhummel
Manpower,18424689,19,947,publicly traded,MAN,871763,US56418H1005,USA,Wisconsin,business services,business services,https://violationtracker.goodjobsfirst.org/parent/manpower,https://subsidytracker.goodjobsfirst.org/parent/manpower
Mansfield Energy,24000,3,3029,privately held,,,,USA,Georgia,oil & gas,oil and gas,https://violationtracker.goodjobsfirst.org/parent/mansfield-energy,https://subsidytracker.goodjobsfirst.org/parent/mansfield-energy
Manulife Financial,104694836,24,449,publicly traded,MFC,1086888,CA56501R1064,Canada,,insurance,financial services,https://violationtracker.goodjobsfirst.org/parent/manulife-financial,https://subsidytracker.goodjobsfirst.org/parent/manulife-financial
Mar-Cone Appliance Parts Co.,1090534,1,2012,privately held,,,,USA,Pennsylvania,appliance parts,miscellaneous manufacturing,https://violationtracker.goodjobsfirst.org/parent/mar-cone-appliance-parts-co,
Marathon Oil,15981481,24,1000,publicly traded,MRO,101778,US5658491064,USA,Texas,oil & gas,oil and gas,https://violationtracker.goodjobsfirst.org/parent/marathon-oil,https://subsidytracker.goodjobsfirst.org/parent/marathon-oil
Marathon Petroleum,1515861883,343,68,publicly traded,MPC,1510295,US56585A1025,USA,Ohio,oil & gas,oil and gas,https://violationtracker.goodjobsfirst.org/parent/marathon-petroleum,https://subsidytracker.goodjobsfirst.org/parent/marathon-petroleum
Marazzi Group,257049,5,2549,privately held,,,,Italy,,building materials,building materials,https://violationtracker.goodjobsfirst.org/parent/marazzi-group,
Marcus Corp.,73336,5,2867,publicly traded,MCS,62234,US5663301068,USA,Wisconsin,movie theatres and hotels,entertainment,https://violationtracker.goodjobsfirst.org/parent/marcus-corp,https://subsidytracker.goodjobsfirst.org/parent/marcus-corp
Marfrig,1018270,26,2027,publicly traded,,,BRMRFGACNOR0,Brazil,,food products,food products,https://violationtracker.goodjobsfirst.org/parent/marfrig,https://subsidytracker.goodjobsfirst.org/parent/marfrig
Marine Products Corp.,264210,7,2537,publicly traded,MPX,1129155,US5684271084,USA,Georgia,motorboats,miscellaneous manufacturing,https://violationtracker.goodjobsfirst.org/parent/marine-products-corp,
MarineMax,63713,4,2893,publicly traded,HZO,1057060,US5679081084,USA,Florida,retail,retailing,https://violationtracker.goodjobsfirst.org/parent/marinemax,https://subsidytracker.goodjobsfirst.org/parent/marinemax
Marisco Ltd.,1066552,5,2020,privately held,,,,USA,Hawaii,marine services,miscellaneous services,https://violationtracker.goodjobsfirst.org/parent/marisco-ltd,https://subsidytracker.goodjobsfirst.org/parent/marisco-ltd
Markel,4177367,24,1489,publicly traded,MKL,1096343,US5705351048,USA,Virginia,diversified,diversified,https://violationtracker.goodjobsfirst.org/parent/markel,https://subsidytracker.goodjobsfirst.org/parent/markel
Marriott International,23839142,112,854,publicly traded,Nasdaq: MAR,1048286,US5719032022,USA,Maryland,hotels,hotels,https://violationtracker.goodjobsfirst.org/parent/marriott-international,https://subsidytracker.goodjobsfirst.org/parent/marriott-international
Marriott Vacations Worldwide Corp.,1688006,7,1841,publicly traded,VAC,1524358,US57164Y1073,USA,Florida,vacation timeshares,miscellaneous services,https://violationtracker.goodjobsfirst.org/parent/marriott-vacations-worldwide-corp,
Mars Incorporated,625210,31,2235,privately held,,,,USA,Virginia,food products,food products,https://violationtracker.goodjobsfirst.org/parent/mars-incorporated,https://subsidytracker.goodjobsfirst.org/parent/mars-incorporated
Marsh & McLennan,1824610088,29,52,publicly traded,NYSE: MMC,62709,US5717481023,USA,New York,insurance,financial services,https://violationtracker.goodjobsfirst.org/parent/marsh-and-mclennan,https://subsidytracker.goodjobsfirst.org/parent/marsh-and-mclennan
Marten Transport,258616,7,2546,publicly traded,MRTN,799167,US5730751089,USA,Wisconsin,trucking,freight and logistics,https://violationtracker.goodjobsfirst.org/parent/marten-transport,https://subsidytracker.goodjobsfirst.org/parent/marten-transport
Martin Marietta Materials,4948468,160,1435,publicly traded,MLM,916076,US5732841060,USA,North Carolina,building materials,building materials,https://violationtracker.goodjobsfirst.org/parent/martin-marietta-materials,https://subsidytracker.goodjobsfirst.org/parent/martin-marietta-materials
Marubeni,159716110,84,356,publicly traded,,,JP3877600001,Japan,,diversified,diversified,https://violationtracker.goodjobsfirst.org/parent/marubeni,https://subsidytracker.goodjobsfirst.org/parent/marubeni
Marvell Technology,15500000,2,1013,publicly traded,MRVL,1058057,US5738741041,Bermuda,,semiconductors,electrical and electronic equipment,https://violationtracker.goodjobsfirst.org/parent/marvell-technology,https://subsidytracker.goodjobsfirst.org/parent/marvell-technology
Masco,987968,32,2047,publicly traded,NYSE: MAS,62996,US5745991068,USA,Michigan,housewares,housewares and home furnishings,https://violationtracker.goodjobsfirst.org/parent/masco,https://subsidytracker.goodjobsfirst.org/parent/masco
Masonite International,2755454,21,1655,publicly traded,DOOR,893691,CA5753851099,USA,Florida,forest products,building materials,https://violationtracker.goodjobsfirst.org/parent/masonite-international,https://subsidytracker.goodjobsfirst.org/parent/masonite-international
Mass General Brigham,27435953,32,801,non-profit,,,,USA,Massachusetts,hospitals,healthcare services,https://violationtracker.goodjobsfirst.org/parent/mass-general-brigham,
Massachusetts Institute of Technology,18476690,12,946,non-profit,,,,USA,Massachusetts,university,miscellaneous services,https://violationtracker.goodjobsfirst.org/parent/massachusetts-institute-of-technology,
Massachusetts Mutual Life Insurance,101083805,17,465,mutual,,,,USA,Massachusetts,insurance,financial services,https://violationtracker.goodjobsfirst.org/parent/massachusetts-mutual-life-insurance,https://subsidytracker.goodjobsfirst.org/parent/massachusetts-mutual-life-insurance
MasTec,14498422,61,1038,publicly traded,MTZ,15615,US5763231090,USA,Florida,construction & engineering,construction and engineering,https://violationtracker.goodjobsfirst.org/parent/mastec,https://subsidytracker.goodjobsfirst.org/parent/mastec
MasterCard,20530777,4,897,publicly traded,NYSE: MA,1141391,US57636Q1040,USA,New York,financial services,financial services,https://violationtracker.goodjobsfirst.org/parent/mastercard,https://subsidytracker.goodjobsfirst.org/parent/mastercard
Materion,824704,16,2118,publicly traded,MTRN,1104657,US5766901012,USA,Ohio,advanced materials,miscellaneous manufacturing,https://violationtracker.goodjobsfirst.org/parent/materion,https://subsidytracker.goodjobsfirst.org/parent/materion
Matrix Service Co.,4064575,6,1500,publicly traded,MTRX,866273,US5768531056,USA,Oklahoma,industrial services,miscellaneous services,https://violationtracker.goodjobsfirst.org/parent/matrix-service-co,https://subsidytracker.goodjobsfirst.org/parent/matrix-service-co
Matson,69112447,41,554,publicly traded,MATX,3453,US57686G1058,USA,Hawaii,ocean shipping,freight and logistics,https://violationtracker.goodjobsfirst.org/parent/matson,https://subsidytracker.goodjobsfirst.org/parent/matson
Mattel,17509850,8,964,publicly traded,MAT,63276,US5770811025,USA,California,toys,miscellaneous manufacturing,https://violationtracker.goodjobsfirst.org/parent/mattel,https://subsidytracker.goodjobsfirst.org/parent/mattel
Matthews International Corp.,45558,5,2946,publicly traded,MATW,63296,US5771281012,USA,Pennsylvania,cemetery products,miscellaneous services,https://violationtracker.goodjobsfirst.org/parent/matthews-international-corp,https://subsidytracker.goodjobsfirst.org/parent/matthews-international-corp
Maury Regional Health,7297354,3,1269,privately held,,,,USA,Tennessee,hospitals (for-profit),healthcare services,https://violationtracker.goodjobsfirst.org/parent/maury-regional-health,
Maxar Technologies,20024960,3,908,publicly traded,MAXR,1121142,US57778K1051,USA,Colorado,satellite imagery,information technology,https://violationtracker.goodjobsfirst.org/parent/maxar-technologies,https://subsidytracker.goodjobsfirst.org/parent/maxar-technologies
Maxim Healthcare Services,166830979,33,349,privately held,,,,USA,Maryland,healthcare staffing,miscellaneous services,https://violationtracker.goodjobsfirst.org/parent/maxim-healthcare-services,
Maximus,39934880,15,691,publicly traded,MMS,1032220,US5779331041,USA,Virginia,outsourced government services,miscellaneous services,https://violationtracker.goodjobsfirst.org/parent/maximus,https://subsidytracker.goodjobsfirst.org/parent/maximus
Mayo Clinic,7878678,5,1247,non-profit,,,,USA,Minnesota,healthcare services,healthcare services,https://violationtracker.goodjobsfirst.org/parent/mayo-clinic,https://subsidytracker.goodjobsfirst.org/parent/mayo-clinic
Mazda Motor,76805050,2,530,publicly traded,,,JP3868400007,Japan,,motor vehicles,motor vehicles,https://violationtracker.goodjobsfirst.org/parent/mazda-motor,https://subsidytracker.goodjobsfirst.org/parent/mazda-motor
Mazza & Sons Inc.,601003,2,2251,privately held,,,,USA,New Jersey,demolition services,miscellaneous services,https://violationtracker.goodjobsfirst.org/parent/mazza-and-sons-inc,
MBIA,75000000,2,538,publicly traded,MBI,814585,US55262C1009,USA,New York,financial services,financial services,https://violationtracker.goodjobsfirst.org/parent/mbia,https://subsidytracker.goodjobsfirst.org/parent/mbia
McCain Foods,298995,9,2503,privately held,,,,Canada,,food products,food products,https://violationtracker.goodjobsfirst.org/parent/mccain-foods,https://subsidytracker.goodjobsfirst.org/parent/mccain-foods
McCarthy Holdings,747985,8,2161,employee-owned,,,,USA,Missouri,construction & engineering,construction and engineering,https://violationtracker.goodjobsfirst.org/parent/mccarthy-holdings,https://subsidytracker.goodjobsfirst.org/parent/mccarthy-holdings
McCormick,91150,3,2827,publicly traded,MKC,63754,US5797802064,USA,Maryland,food products,food products,https://violationtracker.goodjobsfirst.org/parent/mccormick,https://subsidytracker.goodjobsfirst.org/parent/mccormick
McDermott International,2136106,14,1752,privately held,,,,USA,Texas,oilfield services,oilfield services and supplies,https://violationtracker.goodjobsfirst.org/parent/mcdermott-international,https://subsidytracker.goodjobsfirst.org/parent/mcdermott-international
McDonald's,43010578,38,673,publicly traded,NYSE: MCD,63908,US5801351017,USA,Illinois,restaurants,restaurants and foodservice,https://violationtracker.goodjobsfirst.org/parent/mcdonalds,https://subsidytracker.goodjobsfirst.org/parent/mcdonalds
McKesson,9138355384,41,19,publicly traded,NYSE: MCK,927653,US58155Q1031,USA,California,wholesalers-medical supplies,wholesalers,https://violationtracker.goodjobsfirst.org/parent/mckesson,https://subsidytracker.goodjobsfirst.org/parent/mckesson
McKinsey,588009255,3,159,privately held,,,,USA,New York,management consulting,business services,https://violationtracker.goodjobsfirst.org/parent/mckinsey,https://subsidytracker.goodjobsfirst.org/parent/mckinsey
McLaren Health Care,13281091,8,1073,non-profit,,,,USA,Michigan,hospitals,healthcare services,https://violationtracker.goodjobsfirst.org/parent/mclaren-health-care,
McLeod Health,16056970,3,996,non-profit,,,,USA,South Carolina,hospitals,healthcare services,https://violationtracker.goodjobsfirst.org/parent/mcleod-health,
McWane,75011341,102,537,privately held,,,,USA,Alabama,plumbing supplies,miscellaneous manufacturing,https://violationtracker.goodjobsfirst.org/parent/mcwane,https://subsidytracker.goodjobsfirst.org/parent/mcwane
MDU Resources,3512031,79,1557,publicly traded,MDU,67716,US5526901096,USA,North Dakota,diversified,diversified,https://violationtracker.goodjobsfirst.org/parent/mdu-resources,https://subsidytracker.goodjobsfirst.org/parent/mdu-resources
Medford Trucking,808967,34,2128,privately held,,,,USA,West Virginia,trucking,freight and logistics,https://violationtracker.goodjobsfirst.org/parent/medford-trucking,
Medi-Lynx Cardiac Monitoring,2890000,1,1637,privately held,,,,USA,Texas,medical devices,medical equipment and supplies,https://violationtracker.goodjobsfirst.org/parent/medi-lynx-cardiac-monitoring,
Medical Center Health System,1900000,1,1802,non-profit,,,,USA,Texas,hospitals,healthcare services,https://violationtracker.goodjobsfirst.org/parent/medical-center-health-system,
Medical Mutual of Ohio,222300,1,2583,mutual,,,,USA,Ohio,health insurance,healthcare services,https://violationtracker.goodjobsfirst.org/parent/medical-mutual-of-ohio,https://subsidytracker.goodjobsfirst.org/parent/medical-mutual-of-ohio
Medifast Inc.,3900000,2,1520,publicly traded,MED,910329,US58470H1014,USA,Maryland,weight loss products,miscellaneous services,https://violationtracker.goodjobsfirst.org/parent/medifast-inc,https://subsidytracker.goodjobsfirst.org/parent/medifast-inc
Medline Industries,6850538,18,1294,privately held,,,,USA,Illinois,medical supplies,medical equipment and supplies,https://violationtracker.goodjobsfirst.org/parent/medline-industries,https://subsidytracker.goodjobsfirst.org/parent/medline-industries
MedStar Health,43542785,17,670,non-profit,,,,USA,Maryland,healthcare services,healthcare services,https://violationtracker.goodjobsfirst.org/parent/medstar-health,
Medtronic,531292635,45,178,publicly traded,MDT,1613103,IE00BTN1Y115,Ireland,,medical devices,medical equipment and supplies,https://violationtracker.goodjobsfirst.org/parent/medtronic,https://subsidytracker.goodjobsfirst.org/parent/medtronic
Meijer,5921606,30,1359,privately held,,,,USA,Michigan,retail-supermarkets,retailing,https://violationtracker.goodjobsfirst.org/parent/meijer,https://subsidytracker.goodjobsfirst.org/parent/meijer
Meiji Yasuda Life Insurance,337305,6,2460,mutual,,,,Japan,,insurance,financial services,https://violationtracker.goodjobsfirst.org/parent/meiji-yasuda-life-insurance,https://subsidytracker.goodjobsfirst.org/parent/meiji-yasuda-life-insurance
Melrose Dairy Proteins,17850,1,3067,joint venture (owned 50-50 by Dairy Farmers of America and Land O'Lakes),,,,USA,Minnesota,food products,food products,https://violationtracker.goodjobsfirst.org/parent/melrose-dairy-proteins,
Melrose Industries,3246143,60,1588,publicly traded,LSE: MRO,,GB00BZ1G4322,United Kingdom,,private equity (including portfolio companies),private equity (including portfolio companies),https://violationtracker.goodjobsfirst.org/parent/melrose-industries,https://subsidytracker.goodjobsfirst.org/parent/melrose-industries
Memorial Hermann Health System,9971113,12,1177,non-profit,,,,USA,Texas,hospitals,healthcare services,https://violationtracker.goodjobsfirst.org/parent/memorial-hermann-health-system,
Memorial Sloan Kettering Cancer Center,264047,4,2538,non-profit,,,,USA,New York,hospitals,healthcare services,https://violationtracker.goodjobsfirst.org/parent/memorial-sloan-kettering-cancer-center,
Menard,3395838,66,1569,privately held,,,,USA,Wisconsin,retail-home improvement,retailing,https://violationtracker.goodjobsfirst.org/parent/menard,https://subsidytracker.goodjobsfirst.org/parent/menard
Mercedes-Benz Group,3352299397,25,35,publicly traded,,,DE0007100000,Germany,,motor vehicles,motor vehicles,https://violationtracker.goodjobsfirst.org/parent/mercedes-benz-group,https://subsidytracker.goodjobsfirst.org/parent/daimler
Merck,10467155581,80,15,publicly traded,MRK,310158,US58933Y1055,USA,New Jersey,pharmaceuticals,pharmaceuticals,https://violationtracker.goodjobsfirst.org/parent/merck,https://subsidytracker.goodjobsfirst.org/parent/merck
Merck KGaA (EMD),770644847,37,125,publicly traded,,,DE0006599905,Germany,,pharmaceuticals,pharmaceuticals,https://violationtracker.goodjobsfirst.org/parent/merck-kgaa-emd,https://subsidytracker.goodjobsfirst.org/parent/merck-kgaa-emd
Mercury General Corporation,42917697,13,675,publicly traded,MCY,64996,US5894001008,USA,California,insurance,financial services,https://violationtracker.goodjobsfirst.org/parent/mercury-general-corporation,
Mercy (Sisters of Mercy Health System),43989879,12,667,non-profit,,,,USA,Missouri,hospitals,healthcare services,https://violationtracker.goodjobsfirst.org/parent/mercy-sisters-of-mercy-health-system,
MercyOne,5120000,6,1420,non-profit,,,,USA,Iowa,hospitals,healthcare services,https://violationtracker.goodjobsfirst.org/parent/mercyone,
Merit Energy,3925988,33,1515,privately held,,,,USA,Texas,oil & gas,oil and gas,https://violationtracker.goodjobsfirst.org/parent/merit-energy,
Merit Medical Systems,20390000,3,900,publicly traded,MMSI,856982,US5898891040,USA,Utah,medical devices,medical equipment and supplies,https://violationtracker.goodjobsfirst.org/parent/merit-medical-systems,https://subsidytracker.goodjobsfirst.org/parent/merit-medical-systems
Meritage Homes,109772,7,2784,publicly traded,MTH,833079,US59001A1025,USA,Arizona,homebuilding,construction and engineering,https://violationtracker.goodjobsfirst.org/parent/meritage-homes,
Mesa Air,2008199,89,1779,publicly traded,MESA,,US5904791358,USA,Arizona,airlines,airlines,https://violationtracker.goodjobsfirst.org/parent/mesa-air,https://subsidytracker.goodjobsfirst.org/parent/mesa-air
Meta Platforms Inc.,5788708654,10,30,publicly traded,Nasdaq: FB,1326801,US30303M1027,USA,California,internet services,information technology,https://violationtracker.goodjobsfirst.org/parent/meta-platforms-inc,https://subsidytracker.goodjobsfirst.org/parent/meta-platforms-inc
Metamining Inc.,30400,4,3002,privately held,,,,USA,California,mining,mining and minerals,https://violationtracker.goodjobsfirst.org/parent/metamining-inc,
"Methodist Healthcare System (San Antonio, TX)",44251,4,2952,joint venture (owned 50-50 by HCA Healthcare and Methodist Healthcare Ministries of South Texas),,,,USA,Texas,hospitals,healthcare services,https://violationtracker.goodjobsfirst.org/parent/methodist-healthcare-system-san-antonio-,
Metinvest,5375783,362,1402,privately held,,,,Ukraine,,mining & steel,mining and minerals,https://violationtracker.goodjobsfirst.org/parent/metinvest,
MetLife,898604925,69,107,publicly traded,MET,1099219,US59156R1086,USA,New York,insurance,financial services,https://violationtracker.goodjobsfirst.org/parent/metlife,https://subsidytracker.goodjobsfirst.org/parent/metlife
Metso Outotec,139516,11,2713,publicly traded,,,FI0009007835,Finland,,mining equipment,industrial equipment,https://violationtracker.goodjobsfirst.org/parent/metso-outotec,https://subsidytracker.goodjobsfirst.org/parent/metso-outotec
Mettler-Toledo International,63600,2,2894,publicly traded,MTD,1037646,US5926881054,USA,Ohio,scientific equipment,miscellaneous manufacturing,https://violationtracker.goodjobsfirst.org/parent/mettler-toledo-international,https://subsidytracker.goodjobsfirst.org/parent/mettler-toledo-international
MGIC Investment Corp.,550000,1,2282,publicly traded,MTG,876437,US5528481030,USA,Wisconsin,mortgage insurance,financial services,https://violationtracker.goodjobsfirst.org/parent/mgic-investment-corp,
MGM Resorts International,13591207,29,1066,publicly traded,MGM,789570,US5529531015,USA,Nevada,casinos,entertainment,https://violationtracker.goodjobsfirst.org/parent/mgm-resorts-international,
MGP Ingredients,3628442,20,1552,publicly traded,MGPI,835011,US55303J1060,USA,Kansas,agribusiness,agribusiness,https://violationtracker.goodjobsfirst.org/parent/mgp-ingredients,https://subsidytracker.goodjobsfirst.org/parent/mgp-ingredients
Michaels Companies,10530698,15,1156,publicly traded,MIK,1593936,US59408Q1067,USA,Texas,retail-craft supplies,retailing,https://violationtracker.goodjobsfirst.org/parent/michaels-companies,https://subsidytracker.goodjobsfirst.org/parent/michaels-companies
Michelin,1468602,47,1902,publicly traded,,,FR0000121261,France,,automotive parts-tires,automotive parts,https://violationtracker.goodjobsfirst.org/parent/michelin,https://subsidytracker.goodjobsfirst.org/parent/michelin
Michigan Medicine,494300000,2,186,non-profit,,,,USA,Michigan,hospitals,healthcare services,https://violationtracker.goodjobsfirst.org/parent/michigan-medicine,
Michigan Sugar Company,14148347,27,1050,cooperative,,,,USA,Michigan,agribusiness,agribusiness,https://violationtracker.goodjobsfirst.org/parent/michigan-sugar-company,https://subsidytracker.goodjobsfirst.org/parent/michigan-sugar-company
Microchip Technology Inc.,3058527,3,1609,publicly traded,MCHP,827054,US5950171042,USA,Arizona,semiconductors,electrical and electronic equipment,https://violationtracker.goodjobsfirst.org/parent/microchip-technology-inc,https://subsidytracker.goodjobsfirst.org/parent/microchip-technology-inc
Micron Technology,155297533,8,362,publicly traded,MU,723125,US5951121038,USA,Idaho,semiconductors,electrical and electronic equipment,https://violationtracker.goodjobsfirst.org/parent/micron-technology,https://subsidytracker.goodjobsfirst.org/parent/micron-technology
Microsoft,337039800,12,229,publicly traded,Nasdaq: MSFT,789019,US5949181045,USA,Washington,software,information technology,https://violationtracker.goodjobsfirst.org/parent/microsoft,https://subsidytracker.goodjobsfirst.org/parent/microsoft
Mid Oaks Investments,70649,4,2877,privately held,,,,USA,Illinois,private equity (including portfolio companies),private equity (including portfolio companies),https://violationtracker.goodjobsfirst.org/parent/mid-oaks-investments,https://subsidytracker.goodjobsfirst.org/parent/mid-oaks-investments
Mid-America Pipeline,2264054,4,1734,privately held,,,,USA,Oklahoma,pipelines,pipelines,https://violationtracker.goodjobsfirst.org/parent/mid-america-pipeline,
Mid-American Apartment Communities,11307000,2,1125,publicly traded,MAA,912595,US59522J1034,USA,Tennessee,real estate,real estate,https://violationtracker.goodjobsfirst.org/parent/mid-american-apartment-communities,https://subsidytracker.goodjobsfirst.org/parent/mid-american-apartment-communities
Middleby Corp.,716769,22,2176,publicly traded,MIDD,769520,US5962781010,USA,Illinois,commercial cooking equipment,miscellaneous manufacturing,https://violationtracker.goodjobsfirst.org/parent/middleby-corp,https://subsidytracker.goodjobsfirst.org/parent/middleby-corp
MiddleGround Capital,1458617,43,1906,privately held,,,,USA,Kentucky,private equity (including portfolio companies),private equity (including portfolio companies),https://violationtracker.goodjobsfirst.org/parent/middleground-capital,https://subsidytracker.goodjobsfirst.org/parent/middleground-capital
MidFirst Bank,35000,1,2989,privately held,,,,USA,Oklahoma,banking,financial services,https://violationtracker.goodjobsfirst.org/parent/midfirst-bank,https://subsidytracker.goodjobsfirst.org/parent/midfirst-bank
Midland States Bancorp,15955645,2,1002,publicly traded,MSBI,1466026,US5977421057,USA,Illinois,banking,financial services,https://violationtracker.goodjobsfirst.org/parent/midland-states-bancorp,https://subsidytracker.goodjobsfirst.org/parent/midland-states-bancorp
Midorikawa Chemical Industry Co.,21967390,29,876,privately held,,,,Japan,,specialty materials,chemicals,https://violationtracker.goodjobsfirst.org/parent/midorikawa-chemical-industry-co,
Millennium Health,263002749,3,267,privately held,,,,USA,California,healthcare services,healthcare services,https://violationtracker.goodjobsfirst.org/parent/millennium-health,
Miller Industries,69664,6,2881,publicly traded,MLR,924822,US6005512040,USA,Tennessee,towing equipment,miscellaneous manufacturing,https://violationtracker.goodjobsfirst.org/parent/miller-industries,https://subsidytracker.goodjobsfirst.org/parent/miller-industries
MillerKnoll Inc.,910840,7,2072,publicly traded,MLKN,66382,US6005441000,USA,Michigan,office furniture,miscellaneous manufacturing,https://violationtracker.goodjobsfirst.org/parent/millerknoll-inc,
Milliken,906956,12,2074,privately held,,,,USA,South Carolina,textiles,miscellaneous manufacturing,https://violationtracker.goodjobsfirst.org/parent/milliken,https://subsidytracker.goodjobsfirst.org/parent/milliken
"MiMedx Group, Inc",8000000,2,1241,publicly traded,MDXG,1376339,US6024961012,USA,Georgia,therapeutic biologics,medical equipment and supplies,https://violationtracker.goodjobsfirst.org/parent/mimedx-group-inc,https://subsidytracker.goodjobsfirst.org/parent/mimedx-group-inc
Minafin,176896,8,2640,privately held,,,,France,,chemicals,chemicals,https://violationtracker.goodjobsfirst.org/parent/minafin,https://subsidytracker.goodjobsfirst.org/parent/minafin
MinebeaMitsumi,13730557,7,1063,publicly traded,,,JP3906000009,Japan,,industrial equipment,industrial equipment,https://violationtracker.goodjobsfirst.org/parent/minebeamitsumi,https://subsidytracker.goodjobsfirst.org/parent/minebeamitsumi
Minerals Technologies Inc.,819271,47,2122,publicly traded,MTX,891014,US6031581068,USA,New York,minerals,mining and minerals,https://violationtracker.goodjobsfirst.org/parent/minerals-technologies-inc,https://subsidytracker.goodjobsfirst.org/parent/minerals-technologies-inc
Minnkota Power Cooperative,100148079,3,467,cooperative,,,,USA,North Dakota,electric utility,utilities and power generation,https://violationtracker.goodjobsfirst.org/parent/minnkota-power-cooperative,
Mistras Group,6099763,8,1343,publicly traded,MG,1436126,US60649T1079,USA,New Jersey,industrial services,miscellaneous services,https://violationtracker.goodjobsfirst.org/parent/mistras-group,https://subsidytracker.goodjobsfirst.org/parent/mistras-group
Mitsuba,135000000,1,388,publicly traded,,,JP3895200008,Japan,,automotive parts,automotive parts,https://violationtracker.goodjobsfirst.org/parent/mitsuba,
Mitsubishi Chemical,5633389,23,1382,publicly traded,,,JP3897700005,Japan,,chemicals,chemicals,https://violationtracker.goodjobsfirst.org/parent/mitsubishi-chemical,
Mitsubishi Corporation,138102555,37,382,publicly traded,,,JP3898400001,Japan,,diversified trading company,diversified,https://violationtracker.goodjobsfirst.org/parent/mitsubishi-corporation,
Mitsubishi Electric,190048065,7,323,publicly traded,,,JP3902400005,Japan,,electrical and electronic products,electrical and electronic equipment,https://violationtracker.goodjobsfirst.org/parent/mitsubishi-electric,
Mitsubishi Heavy Industries,15099429,13,1019,publicly traded,,,JP3900000005,Japan,,diversified,diversified,https://violationtracker.goodjobsfirst.org/parent/mitsubishi-heavy-industries,
Mitsubishi Materials,388005,21,2421,publicly traded,,,JP3903000002,Japan,,cement,building materials,https://violationtracker.goodjobsfirst.org/parent/mitsubishi-materials,
Mitsubishi Motors,3576500,5,1554,publicly traded,,,JP3899800001,Japan,,automobiles,motor vehicles,https://violationtracker.goodjobsfirst.org/parent/mitsubishi-motors,
Mitsubishi UFJ Financial Group,643833714,14,149,publicly traded,,,XS2132337697,Japan,,banking,financial services,https://violationtracker.goodjobsfirst.org/parent/mitsubishi-ufj-financial-group,
Mitsui,106182612,18,444,publicly traded,,,JP3893600001,Japan,,diversified,diversified,https://violationtracker.goodjobsfirst.org/parent/mitsui,https://subsidytracker.goodjobsfirst.org/parent/mitsui
Mizuho Financial,130675000,5,398,publicly traded,MFG,1335730,JP3885780001,Japan,,banking,financial services,https://violationtracker.goodjobsfirst.org/parent/mizuho-financial,https://subsidytracker.goodjobsfirst.org/parent/mizuho-financial
MKS Instruments,58279,5,2910,publicly traded,MKSI,1049502,US55306N1046,USA,Massachusetts,scientific equipment,miscellaneous manufacturing,https://violationtracker.goodjobsfirst.org/parent/mks-instruments,https://subsidytracker.goodjobsfirst.org/parent/mks-instruments
MLD Mortgage Inc. dba The Money Store,1249603,7,1963,privately held,,,,USA,New Jersey,mortgage lending,financial services,https://violationtracker.goodjobsfirst.org/parent/mld-mortgage-inc-dba-the-money-store,
MLS Co. Ltd,60963,4,2904,publicly traded,,,CNE100001X19,China,,lighting equipment,miscellaneous manufacturing,https://violationtracker.goodjobsfirst.org/parent/mls-co-ltd,https://subsidytracker.goodjobsfirst.org/parent/mls-co-ltd
Mobile TeleSystems PJSC,850000000,2,116,publicly traded,,,RU0007775219,Russia,,telecommunications,telecommunications,https://violationtracker.goodjobsfirst.org/parent/mobile-telesystems-pjsc,
Modern Group,348630,9,2450,privately held,,,,USA,Texas,oilfield services and supplies,oilfield services and supplies,https://violationtracker.goodjobsfirst.org/parent/modern-group,
Modine Manufacturing,2033398,5,1773,publicly traded,MOD,67347,US6078281002,USA,Wisconsin,automotive parts,automotive parts,https://violationtracker.goodjobsfirst.org/parent/modine-manufacturing,https://subsidytracker.goodjobsfirst.org/parent/modine-manufacturing
Mohawk Industries,19036869,57,934,publicly traded,MHK,851968,US6081901042,USA,Georgia,home furnishings,housewares and home furnishings,https://violationtracker.goodjobsfirst.org/parent/mohawk-industries,https://subsidytracker.goodjobsfirst.org/parent/mohawk-industries
Mohawk Valley Health System,307922,5,2492,non-profit,,,,USA,New York,hospitals,healthcare services,https://violationtracker.goodjobsfirst.org/parent/mohawk-valley-health-system,
Molina Healthcare,14869035,54,1026,publicly traded,MOH,1179929,US60855R1005,USA,California,health insurance,healthcare services,https://violationtracker.goodjobsfirst.org/parent/molina-healthcare,https://subsidytracker.goodjobsfirst.org/parent/molina-healthcare
Molson Coors Beverage,2770197,44,1651,publicly traded,NYSE: TAP,24545,US60871R2094,USA,Colorado,beverages,beverages,https://violationtracker.goodjobsfirst.org/parent/molson-coors-beverage,https://subsidytracker.goodjobsfirst.org/parent/molson-coors-brewing
Momentive Performance Materials,11501720,16,1116,privately held,,,,USA,New York,specialty materials,chemicals,https://violationtracker.goodjobsfirst.org/parent/momentive-performance-materials,https://subsidytracker.goodjobsfirst.org/parent/momentive-performance-materials
Mondelez International,40262681,26,689,publicly traded,MDLZ,1103982,US6092071058,USA,Illinois,food products,food products,https://violationtracker.goodjobsfirst.org/parent/mondelez-international,https://subsidytracker.goodjobsfirst.org/parent/mondelez-international
MoneyGram International,270052453,14,264,publicly traded,MGI,1273931,US60935Y2081,USA,Texas,money transfer services,financial services,https://violationtracker.goodjobsfirst.org/parent/moneygram-international,https://subsidytracker.goodjobsfirst.org/parent/moneygram-international
Monomoy Capital Partners,1934679,2,1795,privately held,,,,USA,New York,private equity (including portfolio companies),private equity (including portfolio companies),https://violationtracker.goodjobsfirst.org/parent/monomoy-capital-partners,https://subsidytracker.goodjobsfirst.org/parent/monomoy-capital-partners
Monro Inc.,1057423,44,2022,publicly traded,MNRO,876427,US6102361010,USA,New York,auto repair services,miscellaneous services,https://violationtracker.goodjobsfirst.org/parent/monro-inc,https://subsidytracker.goodjobsfirst.org/parent/monro-inc
Montefiore Health System,1704399,18,1835,non-profit,,,,USA,New York,hospitals,healthcare services,https://violationtracker.goodjobsfirst.org/parent/montefiore-health-system,
Monterey Mushrooms,3712121,23,1543,privately held,,,,USA,California,mushrooms,food products,https://violationtracker.goodjobsfirst.org/parent/monterey-mushrooms,https://subsidytracker.goodjobsfirst.org/parent/monterey-mushrooms
Montgomery Chemicals,336780,6,2461,privately held,,,,USA,Pennsylvania,chemicals,chemicals,https://violationtracker.goodjobsfirst.org/parent/montgomery-chemicals,https://subsidytracker.goodjobsfirst.org/parent/montgomery-chemicals
Moody's,880758879,7,110,publicly traded,MCO,1059556,US6153691059,USA,New York,information services,information technology,https://violationtracker.goodjobsfirst.org/parent/moodys,https://subsidytracker.goodjobsfirst.org/parent/moodys
Moog Inc.,69904,3,2880,publicly traded,MOG.A,67887,US6153942023,USA,New York,aerospace & military contracting,aerospace and military contracting,https://violationtracker.goodjobsfirst.org/parent/moog-inc,https://subsidytracker.goodjobsfirst.org/parent/moog-inc
Morgan Stanley,9967765234,188,17,publicly traded,MS,895421,US6174464486,USA,New York,financial services,financial services,https://violationtracker.goodjobsfirst.org/parent/morgan-stanley,https://subsidytracker.goodjobsfirst.org/parent/morgan-stanley
Morningstar Inc.,4672257,3,1454,publicly traded,MORN,1289419,US6177001095,USA,Illinois,investment research,miscellaneous services,https://violationtracker.goodjobsfirst.org/parent/morningstar-inc,https://subsidytracker.goodjobsfirst.org/parent/morningstar-inc
Mosaic Co.,854297534,84,115,publicly traded,MOS,1285785,US61945C1036,USA,Minnesota,chemicals,chemicals,https://violationtracker.goodjobsfirst.org/parent/mosaic-co,https://subsidytracker.goodjobsfirst.org/parent/mosaic-co
Motorola Solutions,26116012,5,818,publicly traded,MSI,68505,US6200763075,USA,Illinois,telecommunications,telecommunications,https://violationtracker.goodjobsfirst.org/parent/motorola-solutions,https://subsidytracker.goodjobsfirst.org/parent/motorola-solutions
MotorScience,4332000,3,1473,privately held,,,,USA,California,wholesaler-recreational vehicles,wholesalers,https://violationtracker.goodjobsfirst.org/parent/motorscience,
Mount Sinai Medical Center (FL),7508892,4,1262,non-profit,,,,USA,Florida,hospitals,healthcare services,https://violationtracker.goodjobsfirst.org/parent/mount-sinai-medical-center-fl,
Mount Sinai Medical Center (NY),20118967,25,905,non-profit,,,,USA,New York,hospitals,healthcare services,https://violationtracker.goodjobsfirst.org/parent/mount-sinai-medical-center-ny,
Mountaire Corporation,214893294,31,297,privately held,,,,USA,Arkansas,poultry,food products,https://violationtracker.goodjobsfirst.org/parent/mountaire-corporation,https://subsidytracker.goodjobsfirst.org/parent/mountaire-corporation
MPLX LP,17342720,54,969,publicly traded,MPLX,1552000,US55336V1008,USA,Ohio,oil & gas,oil and gas,https://violationtracker.goodjobsfirst.org/parent/mplx-lp,https://subsidytracker.goodjobsfirst.org/parent/mplx-lp
Mr. Cooper Group,156097824,18,359,publicly traded,COOP,933136,US62482R1077,USA,Texas,financial services,financial services,https://violationtracker.goodjobsfirst.org/parent/mr-cooper-group,https://subsidytracker.goodjobsfirst.org/parent/mr-cooper-group
MRC Global,48013,3,2942,publicly traded,MRC,1439095,US55345K1034,USA,Texas,oilfield equipment,oilfield services and supplies,https://violationtracker.goodjobsfirst.org/parent/mrc-global,https://subsidytracker.goodjobsfirst.org/parent/mrc-global
MSA Safety Inc.,510000,2,2316,publicly traded,MSA,66570,US5534981064,USA,Pennsylvania,safety equipment,miscellaneous manufacturing,https://violationtracker.goodjobsfirst.org/parent/msa-safety-inc,https://subsidytracker.goodjobsfirst.org/parent/msa-safety-inc
MSD LLC,1000000,3,2043,privately held,,,,USA,Texas,automotive parts,automotive parts,https://violationtracker.goodjobsfirst.org/parent/msd-llc,
Mt. Olive Pickle,131856,1,2732,privately held,,,,USA,North Carolina,food products,food products,https://violationtracker.goodjobsfirst.org/parent/mt-olive-pickle,https://subsidytracker.goodjobsfirst.org/parent/mt-olive-pickle
Mubadala Investment Company,1160915,16,1991,privately held,,,,Abu Dhabi,,diversified,diversified,https://violationtracker.goodjobsfirst.org/parent/mubadala-investment-company,https://subsidytracker.goodjobsfirst.org/parent/mubadala-investment-company
Mueller Industries,2531702,49,1697,publicly traded,MLI,89439,US6247561029,USA,Tennessee,metal products,metals,https://violationtracker.goodjobsfirst.org/parent/mueller-industries,https://subsidytracker.goodjobsfirst.org/parent/mueller-industries
Mueller Water Products,386899,28,2422,publicly traded,MWA,1350593,US6247581084,USA,Georgia,plumbing supplies,building materials,https://violationtracker.goodjobsfirst.org/parent/mueller-water-products,https://subsidytracker.goodjobsfirst.org/parent/mueller-water-products
